symbol,name,type,region,
700,騰訊控股,stock,hk,
9988,阿里巴巴-W,stock,hk,
1398,工商銀行,stock,hk,
857,中國石油股份,stock,hk,
941,中國移動,stock,hk,
1288,農業銀行,stock,hk,
5,滙豐控股,stock,hk,
939,建設銀行,stock,hk,
3988,中國銀行,stock,hk,
2318,中國平安,stock,hk,
2628,中國人壽,stock,hk,
3968,招商銀行,stock,hk,
1211,比亞迪股份,stock,hk,
386,中國石油化工股份,stock,hk,
3690,美團-W,stock,hk,
1299,友邦保險,stock,hk,
883,中國海洋石油,stock,hk,
1088,中國神華,stock,hk,
728,中國電信,stock,hk,
9999,網易-S,stock,hk,
9633,農夫山泉,stock,hk,
3328,交通銀行,stock,hk,
9618,京東集團-SW,stock,hk,
388,香港交易所,stock,hk,
2899,紫金礦業,stock,hk,
6030,中信証券,stock,hk,
2015,理想汽車-W,stock,hk,
1810,小米集團-W,stock,hk,
1024,快手-W,stock,hk,
2601,中國太保,stock,hk,
998,中信銀行,stock,hk,
945,宏利金融-S,stock,hk,
1339,中國人民保險集團,stock,hk,
2359,藥明康德,stock,hk,
2020,安踏體育,stock,hk,
1880,中國中免,stock,hk,
6690,海爾智家,stock,hk,
2378,保誠,stock,hk,
16,新鴻基地產,stock,hk,
1109,華潤置地,stock,hk,
2388,中銀香港,stock,hk,
981,中芯國際,stock,hk,
27,銀河娛樂,stock,hk,
1876,百威亞太,stock,hk,
2328,中國財險,stock,hk,
267,中信股份,stock,hk,
1928,金沙中國有限公司,stock,hk,
2333,長城汽車,stock,hk,
2888,渣打集團,stock,hk,
66,港鐵公司,stock,hk,
6066,中信建投証券,stock,hk,
6818,中國光大銀行,stock,hk,
9987,百勝中國,stock,hk,
11,恒生銀行,stock,hk,
2269,藥明生物,stock,hk,
688,中國海外發展,stock,hk,
762,中國聯通,stock,hk,
1766,中國中車,stock,hk,
763,中興通訊,stock,hk,
390,中國中鐵,stock,hk,
1988,民生銀行,stock,hk,
1919,中遠海控,stock,hk,
2423,貝殼-W,stock,hk,
6160,百濟神州,stock,hk,
2202,萬科企業,stock,hk,
1,長和,stock,hk,
1816,中廣核電力,stock,hk,
2057,中通快遞-W,stock,hk,
6886,HTSC,stock,hk,
3908,中金公司,stock,hk,
2,中電控股,stock,hk,
669,創科實業,stock,hk,
1171,兗礦能源,stock,hk,
1113,長實集團,stock,hk,
914,海螺水泥,stock,hk,
291,華潤啤酒,stock,hk,
3993,洛陽鉬業,stock,hk,
2611,國泰海通,stock,hk,
1800,中國交通建設,stock,hk,
6618,京東健康,stock,hk,
788,中國鐵塔,stock,hk,
753,中國國航,stock,hk,
6099,招商證券,stock,hk,
1186,中國鐵建,stock,hk,
1913,普拉達,stock,hk,
9868,小鵬汽車-W,stock,hk,
1776,廣發証券,stock,hk,
6862,海底撈,stock,hk,
902,華能國際電力股份,stock,hk,
9866,蔚來-SW,stock,hk,
1929,周大福,stock,hk,
1787,山東黃金,stock,hk,
2338,濰柴動力,stock,hk,
1898,中煤能源,stock,hk,
168,青島啤酒股份,stock,hk,
1055,中國南方航空股份,stock,hk,
2313,申洲國際,stock,hk,
1336,新華保險,stock,hk,
3606,福耀玻璃,stock,hk,
2319,蒙牛乳業,stock,hk,
3,香港中華煤氣,stock,hk,
1179,華住集團-S,stock,hk,
6881,中國銀河,stock,hk,
960,龍湖集團,stock,hk,
992,聯想集團,stock,hk,
12,恒基地產,stock,hk,
670,中國東方航空股份,stock,hk,
9696,天齊鋰業,stock,hk,
1038,長江基建集團,stock,hk,
175,吉利汽車,stock,hk,
1772,贛鋒鋰業,stock,hk,
2238,廣汽集團,stock,hk,
1972,太古地產,stock,hk,
2331,李寧,stock,hk,
1997,九龍倉置業,stock,hk,
3996,中國能源建設,stock,hk,
1698,騰訊音樂-SW,stock,hk,
3958,東方證券,stock,hk,
6,電能實業,stock,hk,
285,比亞迪電子,stock,hk,
6178,光大證券,stock,hk,
2196,復星醫藥,stock,hk,
1209,華潤萬象生活,stock,hk,
9901,新東方-S,stock,hk,
1378,中國宏橋,stock,hk,
2688,新奧能源,stock,hk,
19,太古股份公司A,stock,hk,
87,太古股份公司B,stock,hk,
2016,浙商銀行,stock,hk,
836,華潤電力,stock,hk,
83,信和置業,stock,hk,
2727,上海電氣,stock,hk,
316,東方海外國際,stock,hk,
1099,國藥控股,stock,hk,
2883,中海油田服務,stock,hk,
1093,石藥集團,stock,hk,
6865,福萊特玻璃,stock,hk,
2607,上海醫藥,stock,hk,
2618,京東物流,stock,hk,
9896,名創優品,stock,hk,
1138,中遠海能,stock,hk,
241,阿里健康,stock,hk,
2382,舜宇光學科技,stock,hk,
6823,香港電訊-SS,stock,hk,
358,江西銅業股份,stock,hk,
4,九龍倉集團,stock,hk,
322,康師傅控股,stock,hk,
151,中國旺旺,stock,hk,
1801,信達生物,stock,hk,
1157,中聯重科,stock,hk,
3692,翰森製藥,stock,hk,
3347,泰格醫藥,stock,hk,
135,昆侖能源,stock,hk,
3969,中國通號,stock,hk,
6821,凱萊英,stock,hk,
1071,華電國際電力股份,stock,hk,
1177,中國生物製藥,stock,hk,
1193,華潤燃氣,stock,hk,
288,萬洲國際,stock,hk,
3898,時代電氣,stock,hk,
293,國泰航空,stock,hk,
874,白雲山,stock,hk,
881,中升控股,stock,hk,
968,信義光能,stock,hk,
177,江蘇寧滬高速公路,stock,hk,
1072,東方電氣,stock,hk,
2066,盛京銀行,stock,hk,
3759,康龍化成,stock,hk,
2076,BOSS直聘-W,stock,hk,
9889,東莞農商銀行,stock,hk,
20,商湯-W,stock,hk,
1821,ESR,stock,hk,
6963,陽光保險,stock,hk,
6660,艾美疫苗,stock,hk,
101,恒隆地產,stock,hk,
1347,華虹半導體,stock,hk,
1585,雅迪控股,stock,hk,
3618,重慶農村商業銀行,stock,hk,
868,信義玻璃,stock,hk,
991,大唐發電,stock,hk,
9626,嗶哩嗶哩-W,stock,hk,
6969,思摩爾國際,stock,hk,
9863,零跑汽車,stock,hk,
3311,中國建築國際,stock,hk,
6198,青島港,stock,hk,
3808,中國重汽,stock,hk,
1548,金斯瑞生物科技,stock,hk,
384,中國燃氣,stock,hk,
1128,永利澳門,stock,hk,
6186,中國飛鶴,stock,hk,
696,中國民航信息網絡,stock,hk,
486,俄鋁,stock,hk,
144,招商局港口,stock,hk,
2282,美高梅中國,stock,hk,
3888,金山軟件,stock,hk,
780,同程旅行,stock,hk,
656,復星國際,stock,hk,
2638,港燈-SS,stock,hk,
2588,中銀航空租賃,stock,hk,
6110,滔搏,stock,hk,
17,新世界發展,stock,hk,
123,越秀地產,stock,hk,
270,粵海投資,stock,hk,
631,三一國際,stock,hk,
1910,新秀麗,stock,hk,
2208,金風科技,stock,hk,
1818,招金礦業,stock,hk,
6979,珍酒李渡,stock,hk,
1908,建發國際集團,stock,hk,
1308,海豐國際,stock,hk,
1797,東方甄選,stock,hk,
3800,協鑫科技,stock,hk,
2380,中國電力,stock,hk,
3998,波司登,stock,hk,
2880,遼港股份,stock,hk,
1877,君實生物,stock,hk,
598,中國外運,stock,hk,
3323,中國建材,stock,hk,
268,金蝶國際,stock,hk,
659,周大福創建,stock,hk,
1033,中石化油服,stock,hk,
2367,巨子生物,stock,hk,
6060,眾安在綫,stock,hk,
392,北京控股,stock,hk,
3931,中創新航,stock,hk,
3668,兗煤澳大利亞,stock,hk,
9992,泡泡瑪特,stock,hk,
921,海信家電,stock,hk,
3698,徽商銀行,stock,hk,
9885,藥師幫,stock,hk,
1513,麗珠醫藥,stock,hk,
3320,華潤醫藥,stock,hk,
2039,中集集團,stock,hk,
1066,威高股份,stock,hk,
1385,上海復旦,stock,hk,
9995,榮昌生物,stock,hk,
9926,康方生物,stock,hk,
1359,中國信達,stock,hk,
2799,中信金融資產,stock,hk,
1456,國聯民生,stock,hk,
1044,恒安國際,stock,hk,
966,中國太平,stock,hk,
772,閱文集團,stock,hk,
2669,中海物業,stock,hk,
2357,中航科工,stock,hk,
2007,碧桂園,stock,hk,
2866,中遠海發,stock,hk,
338,上海石油化工股份,stock,hk,
467,聯合能源集團,stock,hk,
6098,碧桂園服務,stock,hk,
867,康哲藥業,stock,hk,
522,ASMPT,stock,hk,
6078,海吉亞醫療,stock,hk,
8,電訊盈科,stock,hk,
317,中船防務,stock,hk,
347,鞍鋼股份,stock,hk,
1882,海天國際,stock,hk,
489,東風集團股份,stock,hk,
956,新天綠色能源,stock,hk,
576,浙江滬杭甬,stock,hk,
6199,貴州銀行,stock,hk,
3360,遠東宏信,stock,hk,
425,敏實集團,stock,hk,
1963,重慶銀行,stock,hk,
220,統一企業中國,stock,hk,
552,中國通信服務,stock,hk,
1551,廣州農商銀行,stock,hk,
136,中國儒意,stock,hk,
9898,微博-SW,stock,hk,
564,中創智領,stock,hk,
6680,金力永磁,stock,hk,
1999,敏華控股,stock,hk,
853,微創醫療,stock,hk,
2009,金隅集團,stock,hk,
3900,綠城中國,stock,hk,
880,澳博控股,stock,hk,
1799,新特能源,stock,hk,
13,和黃醫藥,stock,hk,
1208,五礦資源,stock,hk,
9668,渤海銀行,stock,hk,
2689,玖龍紙業,stock,hk,
525,廣深鐵路股份,stock,hk,
148,建滔集團,stock,hk,
1508,中國再保險,stock,hk,
1833,平安好醫生,stock,hk,
548,深圳高速公路股份,stock,hk,
323,馬鞍山鋼鐵股份,stock,hk,
6623,陸控,stock,hk,
3660,奇富科技-S,stock,hk,
683,嘉里建設,stock,hk,
53,國浩集團,stock,hk,
1528,紅星美凱龍,stock,hk,
3650,KEEP,stock,hk,
1368,特步國際,stock,hk,
9688,再鼎醫藥,stock,hk,
1114,BRILLIANCE CHI,stock,hk,
1958,北京汽車,stock,hk,
69,香格里拉(亞洲),stock,hk,
6049,保利物業,stock,hk,
6869,長飛光纖光纜,stock,hk,
1888,建滔積層板,stock,hk,
6196,鄭州銀行,stock,hk,
1735,中環新能源,stock,hk,
1258,中國有色礦業,stock,hk,
6190,九江銀行,stock,hk,
995,安徽皖通高速公路,stock,hk,
6826,昊海生物科技,stock,hk,
3866,青島銀行,stock,hk,
6127,昭衍新藥,stock,hk,
371,北控水務集團,stock,hk,
9878,匯通達網絡,stock,hk,
3369,秦港股份,stock,hk,
9985,衛龍美味,stock,hk,
9989,海普瑞,stock,hk,
3918,金界控股,stock,hk,
754,合生創展集團,stock,hk,
257,光大環境,stock,hk,
3396,聯想控股,stock,hk,
6990,科倫博泰生物-B,stock,hk,
2252,微創機器人-B,stock,hk,
9899,網易雲音樂,stock,hk,
354,中國軟件國際,stock,hk,
570,中國中藥,stock,hk,
1199,中遠海運港口,stock,hk,
2096,先聲藥業,stock,hk,
6808,高鑫零售,stock,hk,
9677,威海銀行,stock,hk,
839,中教控股,stock,hk,
1375,中州證券,stock,hk,
694,北京首都機場股份,stock,hk,
1530,三生製藥,stock,hk,
1252,中國天瑞水泥,stock,hk,
2386,中石化煉化工程,stock,hk,
9698,萬國數據-SW,stock,hk,
6993,藍月亮集團,stock,hk,
2018,瑞聲科技,stock,hk,
14,希慎興業,stock,hk,
1606,國銀金租,stock,hk,
3633,中裕能源,stock,hk,
9922,九毛九,stock,hk,
1060,大麥娛樂,stock,hk,
1313,華潤建材科技,stock,hk,
10,恒隆集團,stock,hk,
1053,重慶鋼鐵股份,stock,hk,
551,裕元集團,stock,hk,
9877,健世科技-B,stock,hk,
512,遠大醫藥,stock,hk,
2068,中鋁國際,stock,hk,
2162,康諾亞-B,stock,hk,
1918,融創中國,stock,hk,
817,中國金茂,stock,hk,
1907,中國旭陽集團,stock,hk,
2099,中國黃金國際,stock,hk,
811,新華文軒,stock,hk,
142,第一太平,stock,hk,
3899,中集安瑞科,stock,hk,
1579,頤海國際,stock,hk,
9993,金輝控股,stock,hk,
1415,高偉電子,stock,hk,
189,東岳集團,stock,hk,
1798,大唐新能源,stock,hk,
579,京能清潔能源,stock,hk,
1357,美圖公司,stock,hk,
639,首鋼資源,stock,hk,
2128,中國聯塑,stock,hk,
1896,貓眼娛樂,stock,hk,
3868,信義能源,stock,hk,
2186,綠葉製藥,stock,hk,
1448,福壽園,stock,hk,
2005,石四藥集團,stock,hk,
2285,泉峰控股,stock,hk,
9930,宏信建發,stock,hk,
6185,康希諾生物,stock,hk,
2343,太平洋航運,stock,hk,
933,非凡領越,stock,hk,
636,KLN,stock,hk,
3933,聯邦制藥,stock,hk,
586,海螺創業,stock,hk,
697,首程控股,stock,hk,
303,VTECH HOLDINGS,stock,hk,
152,深圳國際,stock,hk,
107,四川成渝高速公路,stock,hk,
9969,諾誠健華,stock,hk,
590,六福集團,stock,hk,
9979,綠城管理控股,stock,hk,
2469,粉筆,stock,hk,
1083,港華智慧能源,stock,hk,
604,深圳控股,stock,hk,
81,中國海外宏洋集團,stock,hk,
1883,中信國際電訊,stock,hk,
1316,耐世特,stock,hk,
546,阜豐集團,stock,hk,
719,山東新華製藥股份,stock,hk,
2869,綠城服務,stock,hk,
1812,晨鳴紙業,stock,hk,
1057,浙江世寶,stock,hk,
9860,艾迪康控股,stock,hk,
38,第一拖拉機股份,stock,hk,
1302,先健科技,stock,hk,
6122,九台農商銀行,stock,hk,
1030,新城發展,stock,hk,
363,上海實業控股,stock,hk,
3613,同仁堂國藥,stock,hk,
3678,弘業期貨,stock,hk,
3709,贏家時尚,stock,hk,
2169,滄港鐵路,stock,hk,
2273,固生堂,stock,hk,
6698,星空華文,stock,hk,
345,VITASOY INT'L,stock,hk,
558,力勁科技,stock,hk,
2145,上美股份,stock,hk,
1578,天津銀行,stock,hk,
1516,融創服務,stock,hk,
1951,錦欣生殖,stock,hk,
41,鷹君,stock,hk,
1541,宜明昂科-B,stock,hk,
2013,微盟集團,stock,hk,
708,恒大汽車,stock,hk,
200,新濠國際發展,stock,hk,
3896,金山雲,stock,hk,
1381,粵豐環保,stock,hk,
3990,美的置業,stock,hk,
179,德昌電機控股,stock,hk,
990,至源控股,stock,hk,
1635,大眾公用,stock,hk,
1811,中廣核新能源,stock,hk,
2411,百果園集團,stock,hk,
3877,中國船舶租賃,stock,hk,
9966,康寧傑瑞製藥-B,stock,hk,
1942,馬可數字科技,stock,hk,
1164,中廣核礦業,stock,hk,
1858,春立醫療,stock,hk,
6606,諾輝健康,stock,hk,
6699,時代天使,stock,hk,
1065,天津創業環保股份,stock,hk,
3983,中海石油化學,stock,hk,
336,華寶國際,stock,hk,
2139,甘肅銀行,stock,hk,
1349,復旦張江,stock,hk,
1330,綠色動力環保,stock,hk,
855,中國水務,stock,hk,
819,天能動力,stock,hk,
9638,法拉帝,stock,hk,
6666,恒大物業,stock,hk,
308,香港中旅,stock,hk,
1405,達勢股份,stock,hk,
9658,特海國際,stock,hk,
1969,中國春來,stock,hk,
1361,361度,stock,hk,
934,中石化冠德,stock,hk,
34,九龍建業,stock,hk,
9869,海倫司,stock,hk,
6955,博安生物,stock,hk,
9699,順豐同城,stock,hk,
884,旭輝控股集團,stock,hk,
9997,康基醫療,stock,hk,
1666,同仁堂科技,stock,hk,
1686,新意網集團,stock,hk,
1070,TCL電子,stock,hk,
1789,愛康醫療,stock,hk,
2666,環球醫療,stock,hk,
1983,瀘州銀行,stock,hk,
1468,嘉高達資本,stock,hk,
2121,創新奇智,stock,hk,
6055,中煙香港,stock,hk,
1108,凱盛新能,stock,hk,
71,美麗華酒店,stock,hk,
9956,安能物流,stock,hk,
6088,FIT HON TENG,stock,hk,
506,中國食品,stock,hk,
751,創維集團,stock,hk,
1905,海通恆信,stock,hk,
6689,洪九果品,stock,hk,
9636,九方智投控股,stock,hk,
3333,中國恒大,stock,hk,
1855,中慶股份,stock,hk,
2150,奈雪的茶,stock,hk,
667,中國東方教育,stock,hk,
2232,晶苑國際,stock,hk,
2172,微創腦科學,stock,hk,
119,保利置業集團,stock,hk,
553,南京熊貓電子股份,stock,hk,
1052,越秀交通基建,stock,hk,
2155,森松國際,stock,hk,
1341,昊天國際建投,stock,hk,
6929,業聚醫療,stock,hk,
909,明源雲,stock,hk,
826,天工國際,stock,hk,
173,嘉華國際,stock,hk,
588,北京北辰實業股份,stock,hk,
2157,樂普生物-B,stock,hk,
2400,心動公司,stock,hk,
1515,華潤醫療,stock,hk,
3319,雅生活服務,stock,hk,
9923,移卡,stock,hk,
1952,雲頂新耀,stock,hk,
297,中化化肥,stock,hk,
1458,周黑鴨,stock,hk,
95,綠景中國地產,stock,hk,
906,中糧包裝,stock,hk,
1921,達力普控股,stock,hk,
6683,巨星傳奇,stock,hk,
1475,日清食品,stock,hk,
1112,H&H國際控股,stock,hk,
1476,金融街證券,stock,hk,
6855,亞盛醫藥-B,stock,hk,
2487,科笛-B,stock,hk,
2696,復宏漢霖,stock,hk,
1836,九興控股,stock,hk,
2877,神威藥業,stock,hk,
856,偉仕佳杰,stock,hk,
327,百富環球,stock,hk,
710,京東方精電,stock,hk,
187,京城機電股份,stock,hk,
9666,金科服務,stock,hk,
3669,永達汽車,stock,hk,
460,四環醫藥,stock,hk,
895,東江環保,stock,hk,
1268,美東汽車,stock,hk,
314,思派健康,stock,hk,
3339,中國龍工,stock,hk,
535,金地商置,stock,hk,
1558,東陽光長江藥業,stock,hk,
272,瑞安房地產,stock,hk,
2179,瑞科生物-B,stock,hk,
1788,國泰君安國際,stock,hk,
797,第七大道,stock,hk,
28,天安,stock,hk,
1244,思路迪醫藥股份,stock,hk,
1224,中渝置地,stock,hk,
182,協合新能源,stock,hk,
373,聯合集團,stock,hk,
1782,國際商業數字技術,stock,hk,
830,中國建築興業,stock,hk,
2038,富智康集團,stock,hk,
1250,山高新能源,stock,hk,
440,大新金融,stock,hk,
1717,澳優,stock,hk,
2192,醫脈通,stock,hk,
1995,永升服務,stock,hk,
1668,華南城,stock,hk,
1773,天立國際控股,stock,hk,
341,大家樂集團,stock,hk,
2171,科濟藥業-B,stock,hk,
3306,江南布衣,stock,hk,
2407,高視醫療,stock,hk,
86,新鴻基公司,stock,hk,
215,和記電訊香港,stock,hk,
3383,雅居樂集團,stock,hk,
51,海港企業,stock,hk,
1119,創夢天地,stock,hk,
2777,富力地產,stock,hk,
1477,歐康維視生物-B,stock,hk,
1860,匯量科技,stock,hk,
1286,鷹普精密,stock,hk,
6608,百融雲-W,stock,hk,
3380,龍光集團,stock,hk,
6069,盛業,stock,hk,
2390,知乎-W,stock,hk,
2105,來凱醫藥-B,stock,hk,
1709,德林控股,stock,hk,
62,載通,stock,hk,
410,SOHO中國,stock,hk,
6616,環球新材國際,stock,hk,
1830,完美醫療,stock,hk,
3316,濱江服務,stock,hk,
33,INTL GENIUS,stock,hk,
2416,易點雲,stock,hk,
2156,建發物業,stock,hk,
517,中遠海運國際,stock,hk,
2858,易鑫集團,stock,hk,
1576,齊魯高速,stock,hk,
9996,沛嘉醫療-B,stock,hk,
1622,力高集團,stock,hk,
1501,瑛泰醫療,stock,hk,
2459,昇能集團,stock,hk,
3309,希瑪醫療,stock,hk,
1866,中國心連心化肥,stock,hk,
806,惠理集團,stock,hk,
6639,瑞爾集團,stock,hk,
6626,越秀服務,stock,hk,
315,數碼通電訊,stock,hk,
686,北京能源國際,stock,hk,
581,中國東方集團,stock,hk,
3738,阜博集團,stock,hk,
1310,香港寬頻,stock,hk,
35,遠東發展,stock,hk,
709,佐丹奴國際,stock,hk,
1691,JS環球生活,stock,hk,
9669,北森控股,stock,hk,
1277,力量發展,stock,hk,
2678,天虹國際集團,stock,hk,
3377,遠洋集團,stock,hk,
376,雲鋒金融,stock,hk,
2418,德銀天下,stock,hk,
1401,未來機器有限公司,stock,hk,
2160,微創心通-B,stock,hk,
1133,哈爾濱電氣,stock,hk,
1400,滿地科技股份,stock,hk,
369,永泰地產,stock,hk,
1521,方達控股,stock,hk,
2233,西部水泥,stock,hk,
1911,華興資本控股,stock,hk,
1890,中國科培,stock,hk,
861,神州控股,stock,hk,
2158,醫渡科技,stock,hk,
1681,康臣葯業,stock,hk,
975,MONGOL MINING,stock,hk,
1765,希教國際控股,stock,hk,
1733,易大宗,stock,hk,
799,IGG,stock,hk,
3390,滿貫集團,stock,hk,
9959,聯易融科技-W,stock,hk,
1755,新城悅服務,stock,hk,
6922,康灃生物-B,stock,hk,
1763,中國同輻,stock,hk,
2098,卓爾智聯,stock,hk,
1198,皇朝家居,stock,hk,
302,中手游,stock,hk,
8137,洪橋集團,stock,hk,
658,中國高速傳動,stock,hk,
873,世茂服務,stock,hk,
207,大悅城地產,stock,hk,
6100,同道獵聘,stock,hk,
2148,VESYNC,stock,hk,
520,呷哺呷哺,stock,hk,
9955,智雲健康,stock,hk,
693,陳唱國際,stock,hk,
1478,丘鈦科技,stock,hk,
1857,中國光大水務,stock,hk,
289,WING ON CO,stock,hk,
1813,合景泰富集團,stock,hk,
1600,天倫燃氣,stock,hk,
2138,醫思健康,stock,hk,
3883,中國奧園,stock,hk,
1463,C-LINK SQ,stock,hk,
2001,新高教集團,stock,hk,
3813,寶勝國際,stock,hk,
1596,翼辰實業,stock,hk,
357,美蘭空港,stock,hk,
242,信德集團,stock,hk,
178,莎莎國際,stock,hk,
587,海螺環保,stock,hk,
9857,檸萌影視,stock,hk,
1970,IMAX CHINA,stock,hk,
9913,智勤控股,stock,hk,
3382,天津港發展,stock,hk,
2199,維珍妮,stock,hk,
650,普達特科技,stock,hk,
1003,歡喜傳媒,stock,hk,
1785,成都高速,stock,hk,
9886,叮噹健康,stock,hk,
568,山東墨龍,stock,hk,
807,上海實業環境,stock,hk,
32,港通控股,stock,hk,
2660,禪遊科技,stock,hk,
1571,信邦控股,stock,hk,
662,亞洲金融,stock,hk,
1696,復銳醫療科技,stock,hk,
2436,凌雄科技(小熊U租),stock,hk,
1563,友聯國際教育租賃,stock,hk,
2342,京信通信,stock,hk,
1848,中國飛機租賃,stock,hk,
3600,現代牙科,stock,hk,
3393,威勝控股,stock,hk,
468,紛美包裝,stock,hk,
9983,建業新生活,stock,hk,
158,萬邦投資,stock,hk,
26,中華汽車,stock,hk,
1626,嘉耀控股,stock,hk,
1176,珠光控股,stock,hk,
1442,鷹輝物流,stock,hk,
6610,飛天雲動(新),stock,hk,
6188,迪信通,stock,hk,
1599,城建設計,stock,hk,
105,凱聯國際酒店,stock,hk,
493,國美零售,stock,hk,
1428,耀才證券金融,stock,hk,
6138,哈爾濱銀行,stock,hk,
3939,萬國黃金集團-新,stock,hk,
331,豐盛生活服務,stock,hk,
85,中電華大科技,stock,hk,
382,中滙集團,stock,hk,
2276,康耐特光學,stock,hk,
1223,新灃集團,stock,hk,
1167,加科思-B,stock,hk,
98,興發鋁業,stock,hk,
1708,三寶科技,stock,hk,
1729,匯聚科技,stock,hk,
3798,家鄉互動,stock,hk,
2385,讀書郎,stock,hk,
580,賽晶科技,stock,hk,
108,國銳生活,stock,hk,
931,中國港能,stock,hk,
2616,基石藥業-B,stock,hk,
1873,維亞生物,stock,hk,
1432,中國聖牧,stock,hk,
78,REGAL INT'L,stock,hk,
1523,珩灣科技,stock,hk,
6989,卓越商企服務,stock,hk,
2002,陽光紙業,stock,hk,
585,意力國際,stock,hk,
2225,今海醫療科技,stock,hk,
29,達力集團,stock,hk,
9977,鳳祥股份,stock,hk,
8279,亞博科技控股,stock,hk,
480,香港興業國際,stock,hk,
732,信利國際,stock,hk,
2368,鷹美,stock,hk,
6169,宇華教育,stock,hk,
9986,大山教育,stock,hk,
1726,HKE HOLDINGS,stock,hk,
596,浪潮數字企業,stock,hk,
1382,互太紡織,stock,hk,
1899,興達國際,stock,hk,
900,AEON CREDIT,stock,hk,
9911,赤子城科技,stock,hk,
2886,濱海投資,stock,hk,
1440,應星控股,stock,hk,
8083,有贊,stock,hk,
1184,S.A.S. DRAGON,stock,hk,
612,嘉文世紀投資公司,stock,hk,
1450,交個朋友控股,stock,hk,
1005,MATRIX HOLDINGS,stock,hk,
6601,朝雲集團,stock,hk,
606,中駿商管,stock,hk,
2355,寶業集團,stock,hk,
194,廖創興企業,stock,hk,
816,金茂服務,stock,hk,
88,TAI CHEUNG HOLD,stock,hk,
9990,祖龍娛樂,stock,hk,
798,中電光谷,stock,hk,
6978,永泰生物-B,stock,hk,
398,東方表行集團,stock,hk,
3886,康健國際醫療,stock,hk,
626,大眾金融控股,stock,hk,
9909,寶龍商業,stock,hk,
326,中國星集團,stock,hk,
8446,耀星科技集團,stock,hk,
978,招商局置地,stock,hk,
3833,新疆新鑫礦業,stock,hk,
2337,眾誠能源,stock,hk,
3718,北控城市資源,stock,hk,
2137,騰盛博藥-B,stock,hk,
1672,歌禮製藥-B,stock,hk,
1221,SINO HOTELS,stock,hk,
1231,新礦資源,stock,hk,
340,潼關黃金,stock,hk,
563,上實城市開發,stock,hk,
776,帝國科技集團,stock,hk,
2360,優品360,stock,hk,
1795,亞東集團,stock,hk,
1977,安樂工程,stock,hk,
1593,辰林教育,stock,hk,
411,南順(香港),stock,hk,
305,五菱汽車,stock,hk,
6896,金嗓子,stock,hk,
1183,澳能建設,stock,hk,
1817,慕尚集團控股,stock,hk,
842,理士國際,stock,hk,
9616,東軟睿新集團,stock,hk,
3989,首創環境,stock,hk,
1488,百福控股,stock,hk,
2130,嘉泓物流,stock,hk,
1608,偉能集團,stock,hk,
1204,博維智慧,stock,hk,
2256,和譽-B,stock,hk,
1597,納泉能源科技,stock,hk,
1539,知行集團控股,stock,hk,
695,東吳水泥,stock,hk,
2552,華領醫藥-B,stock,hk,
752,PICO FAR EAST,stock,hk,
9960,康聖環球,stock,hk,
878,金朝陽集團,stock,hk,
1725,中國技術集團,stock,hk,
1091,南方錳業,stock,hk,
1525,建橋教育,stock,hk,
30,雲白國際,stock,hk,
163,英皇國際,stock,hk,
6628,創勝集團-B,stock,hk,
2348,東瑞製葯,stock,hk,
50,香港小輪(集團),stock,hk,
1697,山東國信,stock,hk,
419,弘毅文化集團-新,stock,hk,
882,天津發展,stock,hk,
1257,中國光大綠色環保,stock,hk,
1846,德視佳,stock,hk,
8328,信義儲電,stock,hk,
2147,正味集團,stock,hk,
1935,嘉宏教育,stock,hk,
1122,慶鈴汽車股份,stock,hk,
3318,中國波頓,stock,hk,
488,麗新發展,stock,hk,
6093,和泓服務,stock,hk,
400,硬蛋創新,stock,hk,
2175,中國通才教育,stock,hk,
1931,華檢醫療,stock,hk,
9936,稀美資源,stock,hk,
3818,中國動向,stock,hk,
113,迪生創建,stock,hk,
335,美建集團,stock,hk,
818,高陽科技,stock,hk,
3330,靈寶黃金,stock,hk,
951,超威動力,stock,hk,
1875,東曜藥業-B,stock,hk,
3700,映宇宙,stock,hk,
9991,寶尊電商-W,stock,hk,
2798,久泰邦達能源,stock,hk,
622,威華達控股,stock,hk,
159,布萊克萬礦業,stock,hk,
321,德永佳集團,stock,hk,
547,數字王國,stock,hk,
147,國際商業結算,stock,hk,
511,電視廣播,stock,hk,
6668,星盛商業,stock,hk,
1966,中駿集團控股,stock,hk,
542,中國文旅農業,stock,hk,
1728,正通汽車,stock,hk,
64,結好控股,stock,hk,
1499,歐科雲鏈,stock,hk,
1702,東光化工,stock,hk,
240,利基控股,stock,hk,
1719,中國通商集團,stock,hk,
3903,瀚華金控,stock,hk,
846,明發集團,stock,hk,
1009,國際娛樂,stock,hk,
1526,瑞慈醫療,stock,hk,
9982,中原建業,stock,hk,
52,大快活集團,stock,hk,
2425,澳亞集團,stock,hk,
1358,普華和順,stock,hk,
863,OSL集團,stock,hk,
360,新焦點,stock,hk,
1854,中國萬天控股,stock,hk,
875,從玉智農,stock,hk,
1981,華夏控股,stock,hk,
1948,優矩控股,stock,hk,
18,東方企控集團,stock,hk,
2153,達豐設備,stock,hk,
2136,利福中國,stock,hk,
609,天德化工,stock,hk,
2003,維信金科,stock,hk,
266,天德地產,stock,hk,
716,勝獅貨櫃,stock,hk,
3300,中國玻璃,stock,hk,
1727,河北建設,stock,hk,
2101,福祿控股,stock,hk,
3336,巨騰國際,stock,hk,
1660,七元投資,stock,hk,
3788,中國罕王,stock,hk,
603,中油燃氣,stock,hk,
1180,匯彩控股,stock,hk,
2399,中國安儲能源,stock,hk,
286,愛帝宮,stock,hk,
393,旭日企業,stock,hk,
3337,安東油田服務,stock,hk,
9939,開拓藥業-B,stock,hk,
160,漢國置業,stock,hk,
3913,合景悠活,stock,hk,
279,裕承科金,stock,hk,
635,彩星集團,stock,hk,
3681,中國抗體-B,stock,hk,
7827,VISION DEAL-Z,stock,hk,
2633,雅各臣科研製藥,stock,hk,
1263,栢能集團,stock,hk,
1680,澳門勵駿,stock,hk,
133,招商局中國基金,stock,hk,
2025,瑞豐動力,stock,hk,
169,萬達酒店發展,stock,hk,
474,信銘生命科技,stock,hk,
887,英皇鐘錶珠寶,stock,hk,
1986,彩客新能源,stock,hk,
8395,中顯智能齊家控股,stock,hk,
838,億和控股,stock,hk,
2163,遠大住工,stock,hk,
661,中國大冶有色金屬,stock,hk,
1943,金石控股集團,stock,hk,
2198,中國三江化工,stock,hk,
989,中國長白山國際,stock,hk,
1543,中盈盛達融資擔保,stock,hk,
1628,禹洲集團,stock,hk,
124,粵海置地,stock,hk,
3315,金邦達寶嘉,stock,hk,
837,譚木匠,stock,hk,
1050,嘉利國際,stock,hk,
2142,和鉑醫藥-B,stock,hk,
3737,中智藥業,stock,hk,
1692,登輝控股,stock,hk,
2008,鳳凰衛視,stock,hk,
2772,中梁控股,stock,hk,
618,北大資源,stock,hk,
6677,遠洋服務,stock,hk,
31,航天控股,stock,hk,
3882,天彩控股,stock,hk,
896,興勝創建,stock,hk,
617,百利保控股,stock,hk,
1780,榮尊國際控股,stock,hk,
1656,億仕登控股,stock,hk,
2392,玄武雲,stock,hk,
1979,天寶集團,stock,hk,
1748,信源企業集團,stock,hk,
7855,TechStar,stock,hk,
1652,福森藥業,stock,hk,
750,水發興業能源,stock,hk,
952,華富建業金融,stock,hk,
3836,和諧汽車,stock,hk,
3303,巨濤海洋石油服務,stock,hk,
3658,新希望服務,stock,hk,
1569,民生教育,stock,hk,
353,能源國際投資,stock,hk,
3773,銀盛數惠,stock,hk,
497,資本策略地產,stock,hk,
2111,超盈國際控股,stock,hk,
1982,南旋控股,stock,hk,
1786,鐵建裝備,stock,hk,
149,中國農產品交易,stock,hk,
157,自然美,stock,hk,
1745,驢跡科技,stock,hk,
825,新世界百貨中國,stock,hk,
391,美亞娛樂資訊,stock,hk,
255,龍記集團,stock,hk,
610,WAI KEE HOLD,stock,hk,
533,金利來集團,stock,hk,
8316,中國紅包,stock,hk,
1837,五谷磨房,stock,hk,
191,麗新國際,stock,hk,
1161,奧思集團,stock,hk,
57,震雄集團,stock,hk,
374,四洲集團,stock,hk,
538,味千(中國),stock,hk,
2120,康寧醫院,stock,hk,
2779,中國新華教育,stock,hk,
6638,金融壹賬通,stock,hk,
6118,奧星生命科技,stock,hk,
3329,交銀國際,stock,hk,
383,天安卓健,stock,hk,
1796,中國數智科技,stock,hk,
711,亞洲聯合基建控股,stock,hk,
3848,浩森金融科技,stock,hk,
251,爪哇控股,stock,hk,
1901,飛揚集團,stock,hk,
1568,承達集團,stock,hk,
1586,力鴻檢驗,stock,hk,
330,思捷環球,stock,hk,
910,中國三迪,stock,hk,
848,茂業國際,stock,hk,
9600,新紐科技,stock,hk,
505,興業合金,stock,hk,
869,彩星玩具,stock,hk,
3399,粵運交通,stock,hk,
8107,細葉榕科技,stock,hk,
829,神冠控股,stock,hk,
1978,敘福樓集團,stock,hk,
1502,金融街物業,stock,hk,
6609,心瑋醫療-B,stock,hk,
560,珠江船務,stock,hk,
1689,華禧控股,stock,hk,
1483,網譽科技,stock,hk,
8195,傳承教育集團,stock,hk,
6117,日照港裕廊,stock,hk,
201,華大酒店,stock,hk,
6918,奇士達,stock,hk,
1731,其利工業集團,stock,hk,
9919,艾德韋宣集團,stock,hk,
1023,時代集團控股,stock,hk,
1300,俊知集團,stock,hk,
1961,多牛科技,stock,hk,
2161,健倍苗苗,stock,hk,
439,光啟科學,stock,hk,
202,潤中國際控股,stock,hk,
1783,晉景新能,stock,hk,
627,共生智築,stock,hk,
89,大生地產,stock,hk,
1425,捷隆控股,stock,hk,
166,新時代集團控股,stock,hk,
1168,Z FIN,stock,hk,
2100,百奧家庭互動,stock,hk,
938,民生國際,stock,hk,
6913,華南職業教育,stock,hk,
554,漢思集團控股,stock,hk,
2488,元征科技,stock,hk,
212,NANYANG HOLD,stock,hk,
367,莊士機構國際,stock,hk,
337,綠地香港,stock,hk,
2878,晶門半導體,stock,hk,
607,豐盛控股,stock,hk,
150,HYPEBEAST,stock,hk,
1936,利特米,stock,hk,
6988,樂享集團,stock,hk,
37,遠東酒店實業,stock,hk,
1627,安保工程控股,stock,hk,
1051,國際資源,stock,hk,
2369,酷派集團,stock,hk,
3838,中國澱粉,stock,hk,
573,稻香控股,stock,hk,
2126,藥明巨諾-B,stock,hk,
355,世紀城市國際,stock,hk,
698,通達集團,stock,hk,
206,華商能源,stock,hk,
8095,北大青鳥環宇,stock,hk,
3869,弘和仁愛醫療,stock,hk,
528,金達控股,stock,hk,
672,眾安集團,stock,hk,
1029,鐵貨,stock,hk,
277,太興置業,stock,hk,
306,冠忠巴士集團,stock,hk,
1741,成志控股,stock,hk,
1756,中國科教產業,stock,hk,
237,安全貨倉,stock,hk,
2170,貝康醫療-B,stock,hk,
8049,吉林長龍藥業,stock,hk,
156,力寶華潤,stock,hk,
99,王氏國際,stock,hk,
1243,宏安地產,stock,hk,
2146,榮萬家,stock,hk,
1730,LHN,stock,hk,
950,李氏大藥廠,stock,hk,
8391,基石科技控股,stock,hk,
3389,亨得利,stock,hk,
6996,德琪醫藥-B,stock,hk,
213,NATIONAL ELEC H,stock,hk,
2000,晨訊科技,stock,hk,
6908,宏光半導體,stock,hk,
252,華信地產財務,stock,hk,
976,齊合環保,stock,hk,
3398,華鼎控股,stock,hk,
536,貿易通,stock,hk,
687,泰昇集團,stock,hk,
1769,思考樂教育,stock,hk,
199,德祥地產,stock,hk,
329,東建國際,stock,hk,
3768,滇池水務,stock,hk,
2033,時計寶,stock,hk,
2152,蘇新服務,stock,hk,
1856,依波路,stock,hk,
521,CWT INT'L,stock,hk,
1870,益美國際控股,stock,hk,
3688,萊蒙國際,stock,hk,
809,大成生化科技,stock,hk,
3991,長虹佳華,stock,hk,
726,築友智造科技,stock,hk,
2112,恩典生命科技,stock,hk,
8037,中國生物科技服務,stock,hk,
860,APOLLO出行,stock,hk,
8418,傲迪瑪汽車,stock,hk,
1412,雋思集團,stock,hk,
1778,彩生活,stock,hk,
8227,海天天綫控股,stock,hk,
8026,朗華國際集團,stock,hk,
3999,大成食品,stock,hk,
1957,大人國際,stock,hk,
8299,大唐黃金,stock,hk,
898,萬事昌國際,stock,hk,
924,坤集團,stock,hk,
1790,達力環保,stock,hk,
3689,康華醫療,stock,hk,
1645,海納智能,stock,hk,
1583,親親食品,stock,hk,
757,陽光能源,stock,hk,
8021,匯隆控股,stock,hk,
1461,中泰期貨,stock,hk,
301,三和精化,stock,hk,
733,合富輝煌,stock,hk,
1170,信星集團,stock,hk,
1431,原生態牧業,stock,hk,
2019,德信中國,stock,hk,
195,綠科科技國際,stock,hk,
9689,金泰豐國際控股,stock,hk,
295,江山控股,stock,hk,
6158,正榮地產,stock,hk,
9928,時代鄰里,stock,hk,
406,有利集團,stock,hk,
3978,卓越教育集團,stock,hk,
8402,高原之寶,stock,hk,
771,自動系統,stock,hk,
2166,芯智控股,stock,hk,
1570,偉業控股,stock,hk,
82,瘋狂體育,stock,hk,
1036,萬科海外,stock,hk,
2011,進騰集團,stock,hk,
235,中策資本控股,stock,hk,
701,CNT GROUP,stock,hk,
126,佳寧娜,stock,hk,
418,方正控股,stock,hk,
171,銀建國際,stock,hk,
1228,北海康成-B,stock,hk,
154,北京控股環境集團,stock,hk,
1181,唐宮中國,stock,hk,
1303,滙力資源,stock,hk,
219,順豪物業,stock,hk,
216,建業實業,stock,hk,
438,彩虹新能源,stock,hk,
1522,京投交通科技,stock,hk,
3928,中國新零售供應鏈,stock,hk,
6058,興證國際,stock,hk,
3348,中國鵬飛集團,stock,hk,
611,中國核能科技,stock,hk,
827,玖源集團,stock,hk,
8047,中國海洋發展,stock,hk,
451,協鑫新能源,stock,hk,
1996,弘陽地產,stock,hk,
6123,圓通國際快遞,stock,hk,
926,碧生源,stock,hk,
218,申萬宏源香港,stock,hk,
8371,嚐高美集團,stock,hk,
8223,紫元元,stock,hk,
3708,中國供應鏈產業,stock,hk,
543,太平洋網絡,stock,hk,
8603,亮晴控股(一千),stock,hk,
722,聯合醫務,stock,hk,
217,中國誠通發展集團,stock,hk,
97,恒基發展,stock,hk,
1777,花樣年控股,stock,hk,
296,英皇娛樂酒店,stock,hk,
6136,康達環保,stock,hk,
831,利亞零售,stock,hk,
413,南華集團控股,stock,hk,
6998,嘉和生物,stock,hk,
866,中國秦發,stock,hk,
1203,廣南(集團),stock,hk,
1922,瑞森生活服務,stock,hk,
346,延長石油國際,stock,hk,
3301,融信中國,stock,hk,
334,華顯光電,stock,hk,
1611,新火科技控股,stock,hk,
621,壇金礦業,stock,hk,
2023,中國綠島科技,stock,hk,
2119,捷榮國際控股,stock,hk,
929,國際精密,stock,hk,
343,文化傳信,stock,hk,
2131,云想科技,stock,hk,
1993,雅仕維,stock,hk,
8360,簡樸新生活,stock,hk,
3680,瑞和數智,stock,hk,
1662,義合控股,stock,hk,
102,凱升控股,stock,hk,
1771,新豐泰集團,stock,hk,
2132,譽燊豐控股,stock,hk,
730,首惠產業金融,stock,hk,
3686,祈福生活服務,stock,hk,
9958,力天影業,stock,hk,
1372,中國碳中和,stock,hk,
366,陸氏集團(越南),stock,hk,
500,先豐服務集團,stock,hk,
3778,中國織材控股,stock,hk,
3321,偉鴻集團控股,stock,hk,
676,創信國際,stock,hk,
2421,嘉創地產,stock,hk,
1851,銀杏教育,stock,hk,
9933,GHW INTL,stock,hk,
8659,易和國際控股,stock,hk,
1895,鑫苑服務,stock,hk,
1419,盈健醫療,stock,hk,
815,中國白銀集團,stock,hk,
1393,恒鼎實業,stock,hk,
139,小魚盈通,stock,hk,
8229,未來數據集團,stock,hk,
2352,東原仁知服務,stock,hk,
3828,明輝國際,stock,hk,
8081,恆泰裕集團,stock,hk,
106,朗詩綠色管理,stock,hk,
1489,GC CONSTRUCTION,stock,hk,
613,梧桐國際,stock,hk,
1980,天鴿互動,stock,hk,
1319,靄華押業信貸,stock,hk,
3639,億達中國,stock,hk,
2350,數科集團,stock,hk,
6113,比特策略,stock,hk,
1022,飛魚科技,stock,hk,
40,金山科技工業,stock,hk,
1940,CGII HLDGS,stock,hk,
6822,科勁國際,stock,hk,
1466,佰金生命科學,stock,hk,
265,港譽智慧城市服務,stock,hk,
1553,邁科管業,stock,hk,
897,位元堂,stock,hk,
1906,博尼控股,stock,hk,
6033,電訊數碼控股,stock,hk,
608,達利國際,stock,hk,
2048,易居企業控股,stock,hk,
6968,港龍中國地產,stock,hk,
8368,中國創意控股,stock,hk,
39,中國北大荒,stock,hk,
2127,匯森股份,stock,hk,
993,信控國際資本,stock,hk,
3860,EPS創健科技,stock,hk,
2030,卡賓,stock,hk,
527,瑞風新能源,stock,hk,
2222,雷士國際,stock,hk,
1575,皇庭智家,stock,hk,
765,PERFECTECH INTL,stock,hk,
8349,硅鑫集團,stock,hk,
1802,文業集團,stock,hk,
1962,訓修實業,stock,hk,
623,中視金橋,stock,hk,
1739,齊屹科技,stock,hk,
8005,裕興科技,stock,hk,
298,莊士中國,stock,hk,
8540,勝利證券(一千),stock,hk,
821,匯盈控股,stock,hk,
2393,巨星醫療控股,stock,hk,
1498,培力農本方,stock,hk,
702,中國油氣控股,stock,hk,
1542,台州水務,stock,hk,
365,芯成科技,stock,hk,
332,元亨燃氣,stock,hk,
1406,清晰醫療,stock,hk,
210,達芙妮國際,stock,hk,
1587,欣融國際,stock,hk,
922,安賢園中國,stock,hk,
2125,稻草熊娛樂,stock,hk,
715,中泛控股,stock,hk,
532,WKK INTL (HOLD),stock,hk,
1063,新確科技,stock,hk,
1721,FSM HOLDINGS,stock,hk,
3623,中國金融發展,stock,hk,
1663,漢港控股,stock,hk,
1623,海隆控股,stock,hk,
63,中亞烯谷集團,stock,hk,
707,亞洲電視控股,stock,hk,
8215,FIRST CREDIT,stock,hk,
1026,環球實業科技,stock,hk,
351,亞洲能源物流,stock,hk,
1655,OKURA HOLDINGS,stock,hk,
496,卡森國際,stock,hk,
6939,美佳音控股,stock,hk,
180,開達集團,stock,hk,
3662,星悅康旅,stock,hk,
1975,新興印刷,stock,hk,
434,博雅互動,stock,hk,
731,建發新勝,stock,hk,
1738,飛尚無煙煤,stock,hk,
214,匯漢控股,stock,hk,
397,嬴集團,stock,hk,
980,聯華超市,stock,hk,
713,世界(集團),stock,hk,
311,聯泰控股,stock,hk,
8300,今米房集團,stock,hk,
7,智富資源投資,stock,hk,
679,亞洲聯網科技,stock,hk,
640,星謙發展,stock,hk,
6966,中國萬桐園,stock,hk,
1945,清科控股,stock,hk,
8246,中華燃氣,stock,hk,
571,豐德麗控股,stock,hk,
1565,成實外教育,stock,hk,
2107,第一服務控股,stock,hk,
2372,偉立控股,stock,hk,
1815,珠峰黃金,stock,hk,
103,首佳科技,stock,hk,
822,嘉瑞國際,stock,hk,
399,星太鏈集團,stock,hk,
8270,中國煤層氣,stock,hk,
1328,金涌投資,stock,hk,
912,信佳國際,stock,hk,
970,新耀萊,stock,hk,
643,恆富控股,stock,hk,
2457,步陽國際,stock,hk,
1185,中國航天萬源,stock,hk,
3839,正大企業國際,stock,hk,
620,大唐西市,stock,hk,
987,中國再生能源投資,stock,hk,
1323,華盛國際控股,stock,hk,
3603,信基沙溪,stock,hk,
8167,中國新電信,stock,hk,
1673,華章科技,stock,hk,
96,YUSEI,stock,hk,
1413,鑄帝控股,stock,hk,
595,AV CONCEPT HOLD,stock,hk,
6036,光麗科技,stock,hk,
583,長城環亞控股,stock,hk,
1991,大洋集團,stock,hk,
2892,萬城控股,stock,hk,
3368,百盛集團,stock,hk,
1894,恒益控股,stock,hk,
1025,嘉藝控股,stock,hk,
1577,匯鑫小貸,stock,hk,
1937,佳辰控股,stock,hk,
1253,綠博生態,stock,hk,
832,建業地產,stock,hk,
690,聯康生物科技集團,stock,hk,
717,英皇資本,stock,hk,
1707,致浩達控股,stock,hk,
8310,鹽城港,stock,hk,
6068,光正教育,stock,hk,
368,德合集團,stock,hk,
204,資本界金控,stock,hk,
994,中天宏信,stock,hk,
2347,友和集團,stock,hk,
8283,中食民安,stock,hk,
1538,中奧到家,stock,hk,
280,景福集團,stock,hk,
1616,一元宇宙,stock,hk,
1020,賽伯樂國際控股,stock,hk,
370,港仔機器人,stock,hk,
1120,雅視光學,stock,hk,
2329,國瑞健康,stock,hk,
6162,天瑞汽車內飾,stock,hk,
927,富士高實業,stock,hk,
6128,烯石電車新材料,stock,hk,
8297,海納星空科技,stock,hk,
1835,瑞威資管,stock,hk,
117,天利控股集團,stock,hk,
9608,宋都服務,stock,hk,
75,渝太地產,stock,hk,
557,天元醫療,stock,hk,
828,王朝酒業,stock,hk,
852,海峽石油化工,stock,hk,
1903,JBB BUILDERS,stock,hk,
1598,21世紀教育,stock,hk,
508,鼎億集團投資,stock,hk,
674,中國唐商,stock,hk,
1010,天璽曜11,stock,hk,
641,中國恒天立信國際,stock,hk,
954,常茂生物,stock,hk,
236,香港生力啤,stock,hk,
8039,中國來騎哦,stock,hk,
8613,東方支付集團控股,stock,hk,
1518,新世紀醫療,stock,hk,
983,瑞安建業,stock,hk,
3616,恒達集團控股,stock,hk,
1218,永義國際,stock,hk,
42,東北電氣,stock,hk,
1556,建業建榮,stock,hk,
1449,立德教育,stock,hk,
2060,浦江國際,stock,hk,
1481,竣球控股,stock,hk,
320,金寶通,stock,hk,
1443,富臨集團控股,stock,hk,
1143,中國儲能科技發展,stock,hk,
8645,比特元宇宙,stock,hk,
582,神話世界,stock,hk,
244,先施,stock,hk,
1034,富匯國際集團控股,stock,hk,
8132,百能國際能源,stock,hk,
593,夢東方,stock,hk,
721,中國金融國際,stock,hk,
1188,正道集團,stock,hk,
8326,同景新能源,stock,hk,
6882,東瀛遊,stock,hk,
833,華訊,stock,hk,
1949,佰達國際控股-新,stock,hk,
925,北京建設,stock,hk,
918,龍翼航空科技,stock,hk,
1459,巨匠建設,stock,hk,
3601,魯大師,stock,hk,
844,廣泰國際控股,stock,hk,
1915,泰和小貸,stock,hk,
1985,美高域,stock,hk,
361,順龍控股,stock,hk,
628,通通AI社交,stock,hk,
6958,正榮服務,stock,hk,
565,錦藝集團控股,stock,hk,
8158,中國再生醫學,stock,hk,
385,建聯集團,stock,hk,
1950,帝王實業控股,stock,hk,
1262,蠟筆小新食品,stock,hk,
498,藍河控股,stock,hk,
859,中昌國際控股,stock,hk,
8308,古兜控股,stock,hk,
1808,企展控股,stock,hk,
1202,四威科技,stock,hk,
9968,滙景控股,stock,hk,
1845,維港環保科技,stock,hk,
907,高雅光學,stock,hk,
1039,暢由國際集團,stock,hk,
738,萊爾斯丹,stock,hk,
1314,翠華控股,stock,hk,
1869,貓屎咖啡控股,stock,hk,
21,大中華控股,stock,hk,
1762,萬咖壹聯,stock,hk,
8601,寶燵控股,stock,hk,
362,中國天化工,stock,hk,
1582,華營建築,stock,hk,
3366,華僑城(亞洲),stock,hk,
936,佳兆業資本,stock,hk,
8329,海王英特龍,stock,hk,
1753,兌吧,stock,hk,
8040,快意智能,stock,hk,
1683,曠逸國際,stock,hk,
6999,領地控股,stock,hk,
1206,同方泰德,stock,hk,
8527,聚利寶控股,stock,hk,
389,通天酒業,stock,hk,
3326,保發集團,stock,hk,
1028,千百度,stock,hk,
1520,天機控股,stock,hk,
1710,致豐工業電子,stock,hk,
2608,陽光100中國,stock,hk,
1455,科利實業控股,stock,hk,
287,永發置業,stock,hk,
789,雅天妮集團,stock,hk,
1643,現代中藥集團,stock,hk,
1712,龍資源,stock,hk,
1612,永勝醫療,stock,hk,
1480,恩達集團控股,stock,hk,
6696,多想雲,stock,hk,
8153,嘉鼎國際集團,stock,hk,
1305,偉志控股,stock,hk,
1215,開源控股,stock,hk,
1732,象興國際,stock,hk,
6133,維太創科,stock,hk,
1407,交運燃氣,stock,hk,
2135,瑞麗醫美,stock,hk,
8023,鄺文記,stock,hk,
8502,遠航港口,stock,hk,
294,長江製衣,stock,hk,
1884,EPRINT集團,stock,hk,
253,順豪控股,stock,hk,
1001,滬港聯合,stock,hk,
1971,弘陽服務,stock,hk,
759,CEC INT'L HOLD,stock,hk,
718,太和控股,stock,hk,
290,國富量子,stock,hk,
556,泛亞環保,stock,hk,
132,興業控股,stock,hk,
1900,中國智能交通,stock,hk,
1559,均安控股,stock,hk,
313,裕田中國,stock,hk,
1953,RIMBACO,stock,hk,
1008,力圖控股,stock,hk,
1878,南戈壁,stock,hk,
1280,奇點國峰,stock,hk,
3302,精技集團,stock,hk,
1473,環聯連訊,stock,hk,
764,永恒策略,stock,hk,
1312,華控康泰,stock,hk,
2700,格林國際控股,stock,hk,
122,鱷魚恤,stock,hk,
1747,HOME CONTROL,stock,hk,
814,北京京客隆,stock,hk,
575,勵晶太平洋,stock,hk,
264,中聯發展控股,stock,hk,
8406,中國口腔產業,stock,hk,
1004,中國智慧能源,stock,hk,
80,CAI控股,stock,hk,
8281,中國金典集團,stock,hk,
550,律齊文化,stock,hk,
755,大方廣瑞德,stock,hk,
3332,中生聯合,stock,hk,
1757,俊裕地基,stock,hk,
2682,潤利海事,stock,hk,
8350,立橋證券控股,stock,hk,
6119,天源集團,stock,hk,
8213,榮暉控股,stock,hk,
271,亞證地產,stock,hk,
948,阿爾法企業,stock,hk,
174,盛洋投資,stock,hk,
356,鼎立資本,stock,hk,
1636,中國金屬利用,stock,hk,
3363,正業國際,stock,hk,
8295,金慧科技,stock,hk,
8172,拉近網娛,stock,hk,
932,順騰國際控股,stock,hk,
8606,倢冠控股,stock,hk,
510,時富金融服務集團,stock,hk,
1460,揚科集團,stock,hk,
1561,聯洋智能控股,stock,hk,
1669,環球信貸集團,stock,hk,
1011,泰凌醫藥,stock,hk,
591,中國高精密,stock,hk,
1447,新福港,stock,hk,
2086,高維科技,stock,hk,
372,保德國際發展,stock,hk,
894,萬裕科技,stock,hk,
8050,城市酷選(新),stock,hk,
519,諾科達科技,stock,hk,
2668,百德國際,stock,hk,
8668,瀛海集團,stock,hk,
1388,安莉芳控股,stock,hk,
205,財訊傳媒,stock,hk,
854,威雅利,stock,hk,
1751,景聯集團,stock,hk,
567,大昌微綫集團,stock,hk,
1490,車市科技,stock,hk,
2381,蜆壳電業,stock,hk,
8657,TRUE PARTNER,stock,hk,
2623,愛德新能源,stock,hk,
947,摩比發展,stock,hk,
1920,中國網成,stock,hk,
274,復興亞洲,stock,hk,
2209,喆麗控股,stock,hk,
8476,大洋環球控股,stock,hk,
9916,興業物聯,stock,hk,
1560,星星集團,stock,hk,
3322,永嘉集團,stock,hk,
1613,協同通信,stock,hk,
1965,朗詩綠色生活,stock,hk,
984,永旺,stock,hk,
8017,捷利交易寶,stock,hk,
8471,新達控股,stock,hk,
1540,澳獅環球,stock,hk,
8168,寶積資本,stock,hk,
3638,亨利加集團,stock,hk,
375,YGM TRADING,stock,hk,
953,邵氏兄弟控股,stock,hk,
77,進智公共交通,stock,hk,
8512,凱富善集團控股,stock,hk,
1486,思城控股,stock,hk,
125,新興光學,stock,hk,
8367,倩碧控股,stock,hk,
2882,金至尊集團,stock,hk,
1632,民商創科,stock,hk,
6038,信越控股,stock,hk,
1685,博耳電力,stock,hk,
3313,雅高控股,stock,hk,
1803,北京體育文化,stock,hk,
2371,創聯控股,stock,hk,
1417,浦江中國,stock,hk,
1549,永豐集團控股,stock,hk,
979,綠色能源科技集團,stock,hk,
8225,中國醫療集團,stock,hk,
862,遠見控股,stock,hk,
90,普星能量,stock,hk,
211,STYLAND HOLD,stock,hk,
8178,中國信息科技,stock,hk,
60,香港食品投資,stock,hk,
1572,中國藝術金融,stock,hk,
8041,中微智碼,stock,hk,
8487,ISP GLOBAL,stock,hk,
559,德泰新能源集團,stock,hk,
8480,飛霓控股,stock,hk,
1615,奧邦建築,stock,hk,
1617,南方通信,stock,hk,
8198,加幂科技,stock,hk,
3683,榮豐億控股,stock,hk,
865,建德國際控股,stock,hk,
59,天譽置業,stock,hk,
923,綜合環保集團,stock,hk,
8189,泰達生物,stock,hk,
3963,融眾金融,stock,hk,
851,盛源控股,stock,hk,
387,力豐(集團),stock,hk,
6083,環宇物流(亞洲),stock,hk,
974,中國順客隆,stock,hk,
1427,中國天保集團,stock,hk,
513,恆和集團,stock,hk,
572,未來世界控股,stock,hk,
2863,高豐集團控股,stock,hk,
1716,毛記葵涌,stock,hk,
1767,TS WONDERS,stock,hk,
810,中國鑄晨81,stock,hk,
1842,植華集團,stock,hk,
73,亞洲果業,stock,hk,
1987,BENG SOON MACH,stock,hk,
2108,K2 F&B,stock,hk,
2663,應力控股,stock,hk,
8162,港銀控股,stock,hk,
92,冠軍科技集團,stock,hk,
703,FUTURE BRIGHT,stock,hk,
1667,迪米生活控股,stock,hk,
893,中國鐵鈦,stock,hk,
1002,威鋮國際,stock,hk,
1705,賓仕國際,stock,hk,
8031,易通訊集團,stock,hk,
8007,環球戰略集團,stock,hk,
8176,超人智能,stock,hk,
1703,維力生活科技,stock,hk,
2017,滄海控股,stock,hk,
1446,鴻福堂,stock,hk,
8473,彌明生活百貨,stock,hk,
2012,陽光油砂,stock,hk,
8452,富銀融資股份,stock,hk,
9998,光榮控股,stock,hk,
1545,設計都會,stock,hk,
1746,萬順集團控股,stock,hk,
2110,天成控股,stock,hk,
913,港灣數字,stock,hk,
1701,途屹控股,stock,hk,
8003,世大控股,stock,hk,
1226,中國投融資,stock,hk,
727,皇冠環球集團,stock,hk,
1557,劍虹集團控股,stock,hk,
8451,日光控股,stock,hk,
8103,HMVOD視頻,stock,hk,
2080,奧克斯國際,stock,hk,
1418,盛諾集團,stock,hk,
2078,榮陽實業,stock,hk,
1201,天臣控股,stock,hk,
2051,VALA,stock,hk,
162,世紀金花,stock,hk,
637,利記,stock,hk,
589,建中建設,stock,hk,
6877,TE HEALTHCARE,stock,hk,
1047,毅興行,stock,hk,
1775,精英匯集團,stock,hk,
1715,智慧健康科技,stock,hk,
8413,亞洲富思,stock,hk,
2116,江蘇創新,stock,hk,
3816,KFM金德,stock,hk,
1679,瑞斯康集團,stock,hk,
1416,CTR HOLDINGS,stock,hk,
1451,萬成集團股份,stock,hk,
1967,信懇智能,stock,hk,
2102,德利機械,stock,hk,
2885,彼岸控股,stock,hk,
8509,威揚酒業控股,stock,hk,
2165,領悅服務集團,stock,hk,
2129,LEGION CONSO,stock,hk,
1793,偉工控股,stock,hk,
8437,德斯控股,stock,hk,
379,恒嘉融資租賃,stock,hk,
1246,保集健康,stock,hk,
1547,IBI GROUP HLDGS,stock,hk,
8057,麥迪森控股,stock,hk,
2728,金泰能源控股,stock,hk,
312,歲寶百貨,stock,hk,
1650,HYGIEIA GROUP,stock,hk,
8490,駿碼半導體,stock,hk,
146,TAI PING CARPET,stock,hk,
876,佳兆業健康,stock,hk,
6063,智中國際,stock,hk,
3889,大成玉米集團,stock,hk,
1722,建鵬控股,stock,hk,
1580,大森控股,stock,hk,
943,中證國際,stock,hk,
2159,麥迪衛康,stock,hk,
1633,上諭集團,stock,hk,
725,恆都集團,stock,hk,
1752,澳洲成峰高教,stock,hk,
1555,MI能源,stock,hk,
6182,乙德投資控股,stock,hk,
197,亨泰,stock,hk,
648,京玖康療,stock,hk,
8439,新百利融資,stock,hk,
919,現代健康科技,stock,hk,
8445,怡康泰工程集團,stock,hk,
1229,南南資源,stock,hk,
1620,富盈環球集團,stock,hk,
8426,雅居投資控股,stock,hk,
518,同得仕(集團),stock,hk,
8525,百應控股,stock,hk,
2178,百勤油服,stock,hk,
1173,威高國際,stock,hk,
2708,艾伯科技,stock,hk,
8271,環球數碼創意,stock,hk,
1163,虎視傳媒,stock,hk,
70,金粵控股,stock,hk,
8521,智雲國際控股,stock,hk,
858,精優藥業,stock,hk,
261,GBA集團,stock,hk,
8080,北亞策略,stock,hk,
1500,現恆建築,stock,hk,
8128,中國恒有源集團,stock,hk,
905,胡桃資本,stock,hk,
8218,毅高國際控股,stock,hk,
8646,中國宏光,stock,hk,
8149,浩德控股,stock,hk,
333,黛麗斯國際,stock,hk,
8269,富譽控股,stock,hk,
928,帝王國際投資,stock,hk,
8146,怡園酒業,stock,hk,
3395,吉星新能源,stock,hk,
428,中國天弓控股,stock,hk,
8029,帝國金融集團,stock,hk,
889,連達科技控股,stock,hk,
8482,萬勵達,stock,hk,
8353,安科系統,stock,hk,
1496,亞積邦租賃,stock,hk,
8411,K W NELSON GP,stock,hk,
1152,正乾金融控股,stock,hk,
8203,凱順控股,stock,hk,
8071,中彩網通控股,stock,hk,
181,閩港控股,stock,hk,
599,怡邦行控股,stock,hk,
1049,時富投資,stock,hk,
8495,1957 & CO.,stock,hk,
1959,世紀聯合控股,stock,hk,
8179,百利達集團控股,stock,hk,
8113,時騰科技,stock,hk,
9929,澳達控股,stock,hk,
1661,中國前沿科技集團,stock,hk,
499,青島控股,stock,hk,
8036,電子交易集團,stock,hk,
2358,久融控股,stock,hk,
8062,俊盟國際,stock,hk,
8315,新都酒店,stock,hk,
2088,西王置業,stock,hk,
619,南華金融,stock,hk,
6163,彭順國際,stock,hk,
2680,創陞控股,stock,hk,
899,中加國信,stock,hk,
72,超媒體控股,stock,hk,
1718,宏基集團控股,stock,hk,
269,中國資源交通,stock,hk,
915,道和環球,stock,hk,
8247,中生北控生物科技,stock,hk,
8268,智城發展控股,stock,hk,
1657,樺欣控股,stock,hk,
8033,愛達利網絡,stock,hk,
629,悅達國際控股,stock,hk,
1711,歐化,stock,hk,
6611,三巽集團,stock,hk,
1546,德萊建業,stock,hk,
2031,澳至尊,stock,hk,
1527,天潔環境,stock,hk,
3728,正利控股,stock,hk,
6933,新娛科控股,stock,hk,
8275,中國新消費集團,stock,hk,
1213,萬保剛集團,stock,hk,
1737,亞洲實業集團,stock,hk,
2340,昇柏控股,stock,hk,
601,稀鎂科技,stock,hk,
8412,新愛德集團,stock,hk,
3666,上海小南國,stock,hk,
8296,中國生命集團,stock,hk,
8262,宏強控股,stock,hk,
1865,鵬高控股集團,stock,hk,
841,木薯資源,stock,hk,
1529,樂氏國際控股,stock,hk,
8100,名科國際,stock,hk,
1420,川控股,stock,hk,
1758,博駿教育,stock,hk,
403,星光集團,stock,hk,
8379,盈證國際,stock,hk,
2683,華新手袋國際控股,stock,hk,
1690,立基工程控股,stock,hk,
605,中國金融投資管理,stock,hk,
8098,昌利控股,stock,hk,
8148,悟喜生活,stock,hk,
8051,訊智海,stock,hk,
6189,愛得威建設集團,stock,hk,
1629,冠均國際控股,stock,hk,
36,遠東控股國際,stock,hk,
482,聖馬丁國際,stock,hk,
1968,興紡控股,stock,hk,
8120,國農金融投資,stock,hk,
8348,濱海泰達物流,stock,hk,
262,迪臣發展國際,stock,hk,
840,天業節水,stock,hk,
1429,天任集團,stock,hk,
834,康大食品,stock,hk,
1653,MOS HOUSE,stock,hk,
8496,環球友飲智能,stock,hk,
8237,華星控股,stock,hk,
380,中國管業,stock,hk,
574,百信國際,stock,hk,
723,信保環球控股,stock,hk,
767,中基長壽科學,stock,hk,
1247,米格國際控股,stock,hk,
3628,仁恒實業控股,stock,hk,
1433,常達控股,stock,hk,
3789,御佳控股,stock,hk,
9938,華和控股,stock,hk,
1699,普甜食品,stock,hk,
8370,智昇集團控股,stock,hk,
1631,REF HOLDINGS,stock,hk,
1742,HPC HOLDINGS,stock,hk,
8035,駿高控股,stock,hk,
1862,景瑞控股,stock,hk,
8319,思博系統,stock,hk,
276,蒙古能源,stock,hk,
1637,順興集團控股,stock,hk,
646,中國環保科技,stock,hk,
8173,客思控股,stock,hk,
2028,映美控股,stock,hk,
1162,瑩嵐集團,stock,hk,
804,鼎石資本,stock,hk,
328,ALCO HOLDINGS,stock,hk,
8159,新華聯合投資,stock,hk,
1759,中油潔能控股,stock,hk,
1380,中國金石,stock,hk,
8501,莊皇集團公司,stock,hk,
8143,金威醫療,stock,hk,
377,中國華君,stock,hk,
1069,中國健康科技集團,stock,hk,
8436,德寶集團控股,stock,hk,
8205,交大慧谷,stock,hk,
864,永利地產發展,stock,hk,
871,中國疏浚環保,stock,hk,
8481,盛龍錦秀國際,stock,hk,
6108,新銳醫藥,stock,hk,
2448,恆宇集團,stock,hk,
1552,BHCC HOLDING,stock,hk,
6193,泰林科建,stock,hk,
8257,靖洋集團,stock,hk,
1871,向中國際,stock,hk,
888,鏈信控股,stock,hk,
8250,都都控股,stock,hk,
8627,旅橙文化,stock,hk,
8052,陸慶娛樂,stock,hk,
1235,專業旅運,stock,hk,
8431,浩柏國際,stock,hk,
1740,新石文化,stock,hk,
8307,密迪斯肌,stock,hk,
8311,圓美光電,stock,hk,
8115,上海青浦消防,stock,hk,
8523,常滿控股,stock,hk,
1592,基石控股,stock,hk,
9963,高科橋,stock,hk,
8112,基石金融,stock,hk,
784,凌銳控股,stock,hk,
9918,麗年國際,stock,hk,
1671,天保能源,stock,hk,
1000,北青傳媒,stock,hk,
8313,杰地集團,stock,hk,
845,恒盛地產,stock,hk,
8043,ATLINKS,stock,hk,
8123,華億金控,stock,hk,
1693,璋利國際,stock,hk,
3822,三和建築集團,stock,hk,
8377,維港育馬,stock,hk,
8620,亞洲速運,stock,hk,
1591,汛和集團,stock,hk,
8019,皓文控股,stock,hk,
456,新城市建設發展,stock,hk,
8483,名仕快相,stock,hk,
1472,生興控股,stock,hk,
8118,濠亮環球,stock,hk,
1013,偉俊集團控股,stock,hk,
1581,進昇集團控股,stock,hk,
8317,財華社集團,stock,hk,
1166,星凱控股,stock,hk,
1630,建成控股,stock,hk,
8056,生活概念,stock,hk,
8245,烽翼集團,stock,hk,
1255,TATA健康,stock,hk,
309,新華通訊頻媒,stock,hk,
84,寶光實業,stock,hk,
396,興利(香港)控股,stock,hk,
8403,天平道合,stock,hk,
318,黃河實業,stock,hk,
1720,普天通信集團,stock,hk,
8140,人和科技,stock,hk,
8423,CHI HO DEV,stock,hk,
8028,天時資源,stock,hk,
8196,福田股份,stock,hk,
794,錦勝集團(控股),stock,hk,
682,超大現代,stock,hk,
1621,域高國際控股,stock,hk,
1160,金石資本集團,stock,hk,
8093,瓦普思瑞元宇宙,stock,hk,
8535,熒德控股,stock,hk,
8241,英記茶莊集團,stock,hk,
8357,REPUBLIC HC,stock,hk,
2022,遊萊互動,stock,hk,
8365,亦辰集團,stock,hk,
8513,加和國際控股,stock,hk,
8067,東方大學城控股,stock,hk,
8432,太平洋酒吧,stock,hk,
8511,民富國際,stock,hk,
8489,裕程物流,stock,hk,
911,前海健康,stock,hk,
8425,興銘控股,stock,hk,
3893,易緯集團,stock,hk,
1189,大灣區聚變力量,stock,hk,
1647,雄岸科技,stock,hk,
9,金奧國際,stock,hk,
3997,電訊首科,stock,hk,
632,中港石油,stock,hk,
1872,冠轈控股,stock,hk,
8320,沛然環保,stock,hk,
645,安域亞洲,stock,hk,
8510,TOPSTANDARDCORP,stock,hk,
1723,恆月控股,stock,hk,
8373,靛藍星,stock,hk,
8419,AV策劃推廣,stock,hk,
8305,聖唐控股,stock,hk,
55,中星集團控股,stock,hk,
3626,HSSP INTL,stock,hk,
8013,ECI TECH,stock,hk,
986,杜甫酒業集團,stock,hk,
8491,COOL LINK,stock,hk,
8163,聲揚集團,stock,hk,
2113,世紀集團國際,stock,hk,
8447,MS CONCEPT,stock,hk,
8073,水發興業新材料,stock,hk,
8372,君百延集團,stock,hk,
8082,擎華控股,stock,hk,
3878,VICON HOLDINGS,stock,hk,
1536,煜榮集團,stock,hk,
8126,G﹒A﹒控股,stock,hk,
8623,中國蜀塔,stock,hk,
1682,杭品生活科技,stock,hk,
8226,樹熊金融集團,stock,hk,
1259,未來發展控股,stock,hk,
8267,藍港互動,stock,hk,
2324,首都創投,stock,hk,
8027,吉輝控股,stock,hk,
524,長城天下,stock,hk,
8622,華康生物醫學,stock,hk,
1182,勝龍國際,stock,hk,
164,中國寶力科技,stock,hk,
8065,高萌科技,stock,hk,
145,信能低碳,stock,hk,
1749,杉杉品牌,stock,hk,
1470,富一國際控股,stock,hk,
8611,九福來,stock,hk,
8130,大地國際集團,stock,hk,
2122,凱知樂國際,stock,hk,
1792,CMON-NEW,stock,hk,
1750,全達電器集團控股,stock,hk,
602,佳華百貨控股,stock,hk,
8238,惠陶集團,stock,hk,
540,迅捷環球控股,stock,hk,
8292,VSING,stock,hk,
8532,寶發控股,stock,hk,
1912,康特隆,stock,hk,
8456,民信國際控股,stock,hk,
1195,京維集團,stock,hk,
8200,修身堂,stock,hk,
8607,納尼亞集團,stock,hk,
8616,新威工程集團,stock,hk,
1695,椰豐集團,stock,hk,
8219,恆偉集團控股,stock,hk,
704,和嘉控股,stock,hk,
8239,首都金融控股,stock,hk,
8181,港深智能管理,stock,hk,
616,高山企業,stock,hk,
8117,中國基礎能源,stock,hk,
8221,高裕金融,stock,hk,
8450,鉅京控股,stock,hk,
3938,LFG投資控股,stock,hk,
6080,榮智控股,stock,hk,
8392,舍圖控股,stock,hk,
8356,進業控股,stock,hk,
1371,中國生態旅遊,stock,hk,
8430,春能控股,stock,hk,
8070,僑洋國際控股,stock,hk,
8507,愛世紀集團,stock,hk,
401,萬嘉集團,stock,hk,
167,IDT INT'L,stock,hk,
8042,高奧士國際,stock,hk,
8416,HM INTL HLDGS,stock,hk,
8619,NIU HOLDINGS,stock,hk,
8321,泰錦控股,stock,hk,
509,世紀陽光,stock,hk,
8069,飛道旅遊科技,stock,hk,
515,中華銀科技,stock,hk,
1495,集一控股,stock,hk,
348,中國智能健康,stock,hk,
8366,浙江聯合投資,stock,hk,
8519,新享時代,stock,hk,
352,富陽,stock,hk,
630,雋泰控股,stock,hk,
8249,瑞遠智控,stock,hk,
3919,金力集團,stock,hk,
8139,長安仁恒,stock,hk,
1079,松景科技,stock,hk,
8217,菊福堂生物,stock,hk,
8333,阿仕特朗金融,stock,hk,
8290,亞勢備份,stock,hk,
8309,萬成環球控股,stock,hk,
8362,運興泰集團,stock,hk,
1239,TEAMWAY INTL GP,stock,hk,
8375,數盟資本,stock,hk,
8206,神通機器人教育,stock,hk,
8635,大象控股集團,stock,hk,
8547,PACIFIC LEGEND,stock,hk,
2363,通達宏泰,stock,hk,
176,先機企業集團,stock,hk,
8131,辰罡科技,stock,hk,
8211,浙江永安,stock,hk,
812,西證國際證券,stock,hk,
8347,F8企業,stock,hk,
8048,御德國際控股,stock,hk,
1421,恒昌集團國際,stock,hk,
299,寶新置地,stock,hk,
209,瀛晟科學,stock,hk,
8096,賞之味,stock,hk,
8072,羅馬元宇宙集團,stock,hk,
8193,亞太金融投資,stock,hk,
8160,GOLDWAY EDU,stock,hk,
9978,方圓生活服務,stock,hk,
544,大同集團,stock,hk,
3830,童園國際,stock,hk,
8136,英馬斯集團,stock,hk,
8045,南大蘇富特,stock,hk,
61,綠領控股,stock,hk,
8079,仍志集團控股,stock,hk,
8001,東方匯財證券,stock,hk,
8020,宏海控股集團,stock,hk,
802,中國錢包,stock,hk,
8462,中安控股集團,stock,hk,
8545,佰悅集團,stock,hk,
1220,志道國際,stock,hk,
8121,國恩控股,stock,hk,
768,開明投資,stock,hk,
79,世紀建業,stock,hk,
8472,立高控股,stock,hk,
8152,明樑控股,stock,hk,
959,世紀娛樂國際,stock,hk,
8210,衍匯亞洲,stock,hk,
8400,亞洲先鋒娛樂,stock,hk,
1566,華夏文化科技,stock,hk,
8030,豐銀禾控股,stock,hk,
8428,漢諾佳池,stock,hk,
8188,駿傑集團控股,stock,hk,
997,普匯中金國際,stock,hk,
8612,維亮控股,stock,hk,
8363,SDM教育,stock,hk,
8106,升華蘭德,stock,hk,
339,中國科創產業投資,stock,hk,
8291,港娛國際,stock,hk,
1452,迪諾斯環保,stock,hk,
8429,華美樂樂,stock,hk,
1102,環能國際,stock,hk,
8208,WMCH GLOBAL,stock,hk,
8536,TL NATURAL GAS,stock,hk,
8277,駿東控股,stock,hk,
8337,直通電訊,stock,hk,
8455,禮建德集團,stock,hk,
8286,長城微光,stock,hk,
8285,森浩集團,stock,hk,
8417,大地教育,stock,hk,
8537,創輝珠寶,stock,hk,
8282,智傲控股,stock,hk,
8063,環球大通集團,stock,hk,
8331,倍搏集團,stock,hk,
8066,品創控股,stock,hk,
8091,奧傳思維控股,stock,hk,
8493,龍皇集團,stock,hk,
8201,寶聯控股,stock,hk,
1225,隆成金融,stock,hk,
8232,CLASSIFIED GP,stock,hk,
8420,NEXION TECH,stock,hk,
8385,萬里印刷,stock,hk,
1736,中國育兒網絡,stock,hk,
8222,壹照明,stock,hk,
8076,新利軟件,stock,hk,
8526,榮豐集團亞洲,stock,hk,
8111,中國科技產業集團,stock,hk,
8059,朝威控股,stock,hk,
8092,ITE HOLDINGS,stock,hk,
8401,源想集團,stock,hk,
8133,吉盛集團控股,stock,hk,
8631,裕豐昌控股,stock,hk,
8156,國藥科技股份,stock,hk,
48,中國汽車內飾,stock,hk,
8018,匯財金融投資,stock,hk,
8169,環康集團,stock,hk,
8087,中國三三傳媒,stock,hk,
310,嘉進投資國際,stock,hk,
8280,中國數字視頻,stock,hk,
381,權識國際,stock,hk,
8621,METROPOLIS CAP,stock,hk,
745,中國國家文化產業,stock,hk,
8460,基地錦標集團,stock,hk,
8060,國聯通信,stock,hk,
8475,易站綠色科技,stock,hk,
8340,紫荊國際金融,stock,hk,
8187,積木集團,stock,hk,
8293,星亞控股,stock,hk,
8516,廣駿集團控股,stock,hk,
58,新威國際,stock,hk,
8147,匯思太平洋,stock,hk,
8341,艾碩控股,stock,hk,
8191,鴻偉亞洲,stock,hk,
8427,萬順瑞強集團,stock,hk,
8161,醫匯集團,stock,hk,
724,瑞鑫國際集團,stock,hk,
8125,中新控股,stock,hk,
8422,WT集團,stock,hk,
8186,曼妠,stock,hk,
6288,FAST RETAIL-DRS,stock,hk,
1658,郵儲銀行,stock,hk,
1618,中國中冶,stock,hk,
247,TST PROPERTIES,stock,hk,
2518,汽車之家-S,stock,hk,
2602,萬物雲,stock,hk,
412,山高控股,stock,hk,
23,東亞銀行,stock,hk,
1216,中原銀行,stock,hk,
1121,金陽新能源,stock,hk,
2245,力勤資源,stock,hk,
45,大酒店,stock,hk,
2314,理文造紙,stock,hk,
2291,心泰醫療,stock,hk,
2255,海昌海洋公園,stock,hk,
2402,億華通,stock,hk,
737,灣區發展,stock,hk,
2299,百宏實業,stock,hk,
1675,亞信科技,stock,hk,
1196,偉祿集團,stock,hk,
1610,中糧家佳康,stock,hk,
165,中國光大控股,stock,hk,
777,網龍,stock,hk,
2480,綠竹生物-B,stock,hk,
2325,雲康集團,stock,hk,
120,COSMOPOL INT'L,stock,hk,
2356,大新銀行集團,stock,hk,
2558,晉商銀行,stock,hk,
2391,塗鴉智能-W,stock,hk,
775,長江生命科技,stock,hk,
2218,安德利果汁,stock,hk,
116,周生生,stock,hk,
6655,華新建材,stock,hk,
6686,諾亞控股,stock,hk,
1117,現代牧業,stock,hk,
1271,佳明集團控股,stock,hk,
2362,金川國際,stock,hk,
1916,江西銀行,stock,hk,
2315,百奧賽圖-B,stock,hk,
256,冠城鐘錶珠寶,stock,hk,
6868,天福,stock,hk,
2306,樂華娛樂,stock,hk,
743,亞洲水泥(中國),stock,hk,
2257,聖諾醫藥-B,stock,hk,
1234,中國利郎,stock,hk,
6830,華眾車載,stock,hk,
1238,寶龍地產,stock,hk,
2405,力盟科技,stock,hk,
1809,浦林成山,stock,hk,
6669,先瑞達醫療-B,stock,hk,
2415,梅斯健康,stock,hk,
1760,英恒科技,stock,hk,
6889,DYNAM JAPAN,stock,hk,
258,湯臣集團,stock,hk,
6633,青瓷遊戲,stock,hk,
813,世茂集團,stock,hk,
127,華人置業,stock,hk,
2322,新質數字,stock,hk,
2219,朝聚眼科,stock,hk,
1651,津上機床中國,stock,hk,
1205,中信資源,stock,hk,
1137,香港科技探索,stock,hk,
2482,維天運通,stock,hk,
259,億都(國際控股),stock,hk,
1345,上海先鋒控股,stock,hk,
1126,德林國際,stock,hk,
746,理文化工,stock,hk,
1272,大唐環境,stock,hk,
2187,智欣集團控股,stock,hk,
691,山水水泥,stock,hk,
2383,TOM集團,stock,hk,
2190,歸創通橋,stock,hk,
1270,朗廷-SS,stock,hk,
2373,美麗田園醫療健康,stock,hk,
6806,申萬宏源,stock,hk,
2215,德信服務集團,stock,hk,
2722,重慶機電,stock,hk,
2361,中康控股,stock,hk,
1909,火岩控股,stock,hk,
2279,雍禾醫療,stock,hk,
1045,亞太衛星,stock,hk,
2181,邁博藥業-B,stock,hk,
2217,譚仔國際,stock,hk,
6858,本間高爾夫,stock,hk,
2231,景業名邦集團,stock,hk,
6667,美因基因,stock,hk,
1140,華科智能投資,stock,hk,
1820,濟豐包裝,stock,hk,
25,CHEVALIER INT'L,stock,hk,
1638,佳兆業集團,stock,hk,
6622,兆科眼科-B,stock,hk,
1713,四川能投發展,stock,hk,
1090,大明國際,stock,hk,
2235,微泰醫療-B,stock,hk,
6820,友誼時光,stock,hk,
1373,國際家居零售,stock,hk,
93,零在科技金融,stock,hk,
1321,中國新城市,stock,hk,
2409,洲際船務,stock,hk,
186,敏捷控股,stock,hk,
1061,億勝生物科技,stock,hk,
2250,小黃鴨德盈,stock,hk,
2420,子不語,stock,hk,
2236,惠生工程,stock,hk,
6828,北京燃氣藍天,stock,hk,
222,閩信集團,stock,hk,
1098,路勁,stock,hk,
1104,亞太資源,stock,hk,
2738,華津國際控股,stock,hk,
1332,透雲生物,stock,hk,
1115,5100藏冰川,stock,hk,
230,五礦地產,stock,hk,
9906,宏力醫療管理,stock,hk,
2289,創美藥業,stock,hk,
2167,天潤雲,stock,hk,
1370,奧威控股,stock,hk,
2251,鷹瞳科技-B,stock,hk,
1863,中國龍天集團,stock,hk,
2283,東江集團控股,stock,hk,
1116,慧源同創科技,stock,hk,
196,宏華集團,stock,hk,
2197,三葉草生物-B,stock,hk,
9908,嘉興燃氣,stock,hk,
1290,中國匯融,stock,hk,
6661,湖州燃氣,stock,hk,
2327,美瑞健康國際,stock,hk,
677,金源發展國際實業,stock,hk,
1317,楓葉教育,stock,hk,
1588,暢捷通,stock,hk,
2180,萬寶盛華,stock,hk,
2221,創業集團控股,stock,hk,
1383,LET GROUP,stock,hk,
1233,時代中國控股,stock,hk,
1075,首都信息,stock,hk,
1082,源宇宙教育,stock,hk,
131,卓能(集團),stock,hk,
450,鴻興印刷集團,stock,hk,
2439,中寶新材,stock,hk,
6811,太興集團,stock,hk,
6885,金馬能源,stock,hk,
2237,中國石墨,stock,hk,
769,中國稀土,stock,hk,
431,大中華金融,stock,hk,
408,葉氏化工集團,stock,hk,
224,建生國際,stock,hk,
128,安寧控股,stock,hk,
6805,金茂源環保,stock,hk,
1853,春城熱力,stock,hk,
1868,同方友友,stock,hk,
2486,普樂師集團控股,stock,hk,
1125,麗豐控股,stock,hk,
1086,好孩子國際,stock,hk,
1127,獅子山集團,stock,hk,
1141,民銀資本,stock,hk,
1278,中國新城鎮,stock,hk,
1283,高陞集團控股,stock,hk,
2481,慧居科技,stock,hk,
2297,潤邁德-B,stock,hk,
720,意達利控股,stock,hk,
2185,百心安-B,stock,hk,
655,香港華人有限公司,stock,hk,
228,中能控股,stock,hk,
1601,中關村科技租賃,stock,hk,
1410,安領國際,stock,hk,
1100,飛達控股,stock,hk,
2377,博奇環保,stock,hk,
225,博富臨置業,stock,hk,
422,越南製造加工出口,stock,hk,
1084,綠新生物科技,stock,hk,
2270,德商產投服務,stock,hk,
232,大陸航空科技控股,stock,hk,
184,激成投資,stock,hk,
471,中播數據,stock,hk,
1823,華昱高速,stock,hk,
226,力寶,stock,hk,
1293,廣匯寶信,stock,hk,
1222,WANG ON GROUP,stock,hk,
2309,大象未來集團,stock,hk,
2298,都市麗人,stock,hk,
2265,鴻承環保科技,stock,hk,
1085,亨鑫科技,stock,hk,
245,中薇金融,stock,hk,
2317,味丹國際,stock,hk,
2189,嘉濤(香港)控股,stock,hk,
1850,鴻盛昌資源,stock,hk,
1301,德基科技控股,stock,hk,
2292,晉安實業,stock,hk,
129,泛海集團,stock,hk,
2246,快狗打車,stock,hk,
673,中國衛生集團,stock,hk,
6878,鼎豐集團汽車,stock,hk,
46,科聯系統,stock,hk,
432,盈大地產,stock,hk,
2458,望塵科技控股,stock,hk,
6919,人瑞人才,stock,hk,
1925,曠世芳香,stock,hk,
472,新絲路文旅,stock,hk,
420,福田實業,stock,hk,
1827,卓珈控股,stock,hk,
8006,華泰瑞銀,stock,hk,
239,白花油,stock,hk,
1346,利華控股集團,stock,hk,
458,聯亞集團,stock,hk,
1285,嘉士利集團,stock,hk,
6909,百得利控股,stock,hk,
2281,興瀘水務,stock,hk,
1282,中澤豐,stock,hk,
6833,興科蓉醫藥,stock,hk,
2260,環龍控股,stock,hk,
2239,國微控股,stock,hk,
2302,中核國際,stock,hk,
2216,堃博醫療-B,stock,hk,
6898,中國鋁罐,stock,hk,
6838,盈利時,stock,hk,
1251,華油能源,stock,hk,
2195,盈滙企業控股,stock,hk,
2210,京城佳業,stock,hk,
2389,北京健康,stock,hk,
1110,金活醫藥集團,stock,hk,
1129,中國水業集團,stock,hk,
2789,遠大中國,stock,hk,
2295,豐城控股,stock,hk,
2188,泰坦能源技術,stock,hk,
2205,康橋悅生活,stock,hk,
9858,優然牧業,stock,hk,
1200,美聯集團,stock,hk,
455,天大藥業,stock,hk,
2349,中國城市基礎設施,stock,hk,
423,經濟日報集團,stock,hk,
529,SIS INT'L,stock,hk,
2500,啓明醫療-B,stock,hk,
1861,保寶龍科技,stock,hk,
1960,TBKS HLDGS,stock,hk,
1094,承輝國際,stock,hk,
1068,雨潤食品,stock,hk,
2422,潤歌互動,stock,hk,
6893,衍生集團,stock,hk,
684,亞倫國際,stock,hk,
229,利民實業,stock,hk,
9900,智雲科技建設,stock,hk,
2321,雙財莊,stock,hk,
1265,天津津燃公用,stock,hk,
487,實德環球,stock,hk,
6866,佐力小貸,stock,hk,
138,中建富通,stock,hk,
1867,標準發展集團,stock,hk,
2442,怡俊集團控股,stock,hk,
1118,高力集團,stock,hk,
685,世界華文媒體,stock,hk,
1105,星島,stock,hk,
2230,羚邦集團,stock,hk,
969,華聯國際,stock,hk,
1240,青建國際,stock,hk,
2440,迷策略,stock,hk,
2271,眾安智慧生活,stock,hk,
2427,GUANZE MEDICAL,stock,hk,
185,正商實業,stock,hk,
1847,雲南建投混凝土,stock,hk,
1245,NIRAKU,stock,hk,
1939,上善黃金,stock,hk,
137,金輝集團,stock,hk,
1292,長安民生物流,stock,hk,
2370,力高健康生活,stock,hk,
2280,慧聰集團,stock,hk,
2168,佳兆業美好,stock,hk,
2176,賽迪顧問,stock,hk,
1148,新晨動力,stock,hk,
2336,碩奧國際,stock,hk,
1284,新傳企劃,stock,hk,
2455,潤華服務,stock,hk,
254,國家聯合資源,stock,hk,
1172,融太集團,stock,hk,
65,弘海高新資源,stock,hk,
2293,百本醫護,stock,hk,
526,利時集團控股,stock,hk,
433,北方礦業,stock,hk,
1134,恒發光學,stock,hk,
1097,有線寬頻,stock,hk,
1146,匯成國際控股,stock,hk,
2376,魯商服務,stock,hk,
1058,南粵控股,stock,hk,
1932,中漆集團,stock,hk,
234,新世紀集團,stock,hk,
114,HERALD HOLD,stock,hk,
6890,康利國際控股,stock,hk,
1822,中木國際,stock,hk,
6839,雲南水務,stock,hk,
1947,美皓集團,stock,hk,
681,中民控股,stock,hk,
6663,國際永勝集團,stock,hk,
6816,瑞港建設,stock,hk,
1397,碧瑤綠色集團,stock,hk,
1399,銳信控股,stock,hk,
417,謝瑞麟,stock,hk,
1938,珠江鋼管,stock,hk,
6928,萬馬控股,stock,hk,
1159,智數科技集團,stock,hk,
1046,寰宇娛樂文化,stock,hk,
2226,老恒和釀造,stock,hk,
1379,温嶺工量刃具,stock,hk,
1930,勛龍,stock,hk,
2182,天長集團,stock,hk,
2212,高鵬礦業,stock,hk,
2307,錦興國際控股,stock,hk,
436,新宇環保,stock,hk,
1260,皓天財經集團,stock,hk,
442,域能控股,stock,hk,
459,鋑聯控股,stock,hk,
444,SINCEREWATCH HK,stock,hk,
1062,國開國際投資,stock,hk,
6899,聯眾,stock,hk,
1832,海天地悅旅,stock,hk,
1917,豆盟科技,stock,hk,
2177,優趣匯控股,stock,hk,
1402,超智能控股,stock,hk,
1955,莊臣控股,stock,hk,
2326,新源萬恒控股,stock,hk,
1107,當代置業,stock,hk,
1080,勝利管道,stock,hk,
6888,英達公路再生科技,stock,hk,
1335,順泰控股,stock,hk,
1843,快餐帝國,stock,hk,
118,大同機械,stock,hk,
663,金山能源,stock,hk,
653,卓悅控股,stock,hk,
1376,RAFFLESINTERIOR,stock,hk,
1640,千循科技,stock,hk,
6829,龍昇集團控股,stock,hk,
3699,光大永年,stock,hk,
1889,三愛健康集團,stock,hk,
2286,辰興發展,stock,hk,
483,包浩斯國際,stock,hk,
111,信達國際控股,stock,hk,
1897,美亨實業,stock,hk,
1073,大禹金融,stock,hk,
2258,華滋國際海洋,stock,hk,
2263,富石金融,stock,hk,
1153,佳源服務,stock,hk,
104,ASIA COMM HOLD,stock,hk,
1273,香港信貸,stock,hk,
475,中發展控股,stock,hk,
188,新華匯富金融,stock,hk,
2450,淮北綠金股份,stock,hk,
227,第一上海,stock,hk,
6860,指尖悅動,stock,hk,
2433,中天湖南集團,stock,hk,
491,英皇文化產業,stock,hk,
1532,中國派對文化,stock,hk,
1147,伊登軟件,stock,hk,
1298,雲能國際,stock,hk,
2193,萬景控股,stock,hk,
2339,京西國際,stock,hk,
1123,中港照相,stock,hk,
22,茂盛控股,stock,hk,
1338,霸王集團,stock,hk,
1396,粵港灣控股,stock,hk,
1891,興合控股,stock,hk,
1037,雲智匯科技,stock,hk,
756,森美控股,stock,hk,
464,中國智能科技,stock,hk,
689,長盈集團(控股),stock,hk,
2266,黎氏企業,stock,hk,
6812,永順控股香港,stock,hk,
430,東方興業控股,stock,hk,
1132,橙天嘉禾,stock,hk,
1217,中國創新投資,stock,hk,
2528,尚晉國際控股,stock,hk,
1326,傳遞娛樂,stock,hk,
223,易生活控股,stock,hk,
1101,華榮能源,stock,hk,
1927,久久王,stock,hk,
1849,秀商時代控股,stock,hk,
476,科軒動力控股,stock,hk,
1027,中國集成控股,stock,hk,
9888,百度集團-SW,stock,hk,
1289,盛力達科技,stock,hk,
484,雲遊控股,stock,hk,
1389,美捷滙控股,stock,hk,
1124,沿海家園,stock,hk,
1933,元力控股,stock,hk,
747,瀋陽公用發展股份,stock,hk,
1841,優越集團控股,stock,hk,
1395,強泰環保,stock,hk,
1269,首控集團,stock,hk,
1351,輝煌明天,stock,hk,
1831,十方控股,stock,hk,
916,龍源電力,stock,hk,
712,卡姆丹克太陽能,stock,hk,
2227,守益控股,stock,hk,
2262,梁志天設計集團,stock,hk,
1676,高地股份,stock,hk,
675,堅寶國際,stock,hk,
183,宏輝集團,stock,hk,
1165,順風清潔能源,stock,hk,
6900,上坤地產,stock,hk,
1343,偉源控股,stock,hk,
1826,豐展控股,stock,hk,
94,綠心集團,stock,hk,
2288,宏基資本,stock,hk,
1156,CHINANEWENERGY,stock,hk,
1408,濠江機電,stock,hk,
465,富通科技,stock,hk,
1150,米蘭站,stock,hk,
2203,腦洞科技,stock,hk,
1130,中國環境資源,stock,hk,
1281,鑫達投資控股,stock,hk,
1059,看通集團,stock,hk,
76,誼礫控股,stock,hk,
1355,朸濬國際,stock,hk,
1232,金輪天地控股,stock,hk,
1348,滉達富控股,stock,hk,
1362,新龍移動,stock,hk,
2320,合豐集團,stock,hk,
495,PALADIN,stock,hk,
1007,龍輝國際控股,stock,hk,
2330,中國上城,stock,hk,
760,新天地產集團,stock,hk,
1941,燁星集團,stock,hk,
657,環科國際,stock,hk,
9961,攜程集團-S,stock,hk,
1145,勇利投資,stock,hk,
2223,卡撒天嬌,stock,hk,
243,QPL INT'L,stock,hk,
130,慕詩國際,stock,hk,
1142,能源及能量環球,stock,hk,
2600,中國鋁業,stock,hk,
1064,中華國際,stock,hk,
1315,綠色經濟,stock,hk,
1241,雙樺控股,stock,hk,
8500,天泓文創,stock,hk,
248,香港通訊國際控股,stock,hk,
2211,大健康國際,stock,hk,
110,中國長遠,stock,hk,
1087,威訊控股,stock,hk,
1237,中科生物,stock,hk,
193,冠中地產,stock,hk,
115,鈞濠集團,stock,hk,
2323,融科控股,stock,hk,
1327,勵時集團,stock,hk,
2310,時代環球集團,stock,hk,
1340,惠生國際,stock,hk,
426,萬華媒體,stock,hk,
736,中國置業投資,stock,hk,
8220,比高集團,stock,hk,
2312,LONG投資集團,stock,hk,
8448,環球印館,stock,hk,
1825,STERLING GP,stock,hk,
2699,新明中國,stock,hk,
1360,諾發集團,stock,hk,
485,中國華星,stock,hk,
660,瑋俊生物科技,stock,hk,
1111,華視集團控股,stock,hk,
2543,大行科工,stock,hk,
2525,禾賽-W,stock,hk,
2656,健康160,stock,hk,
9973,奇瑞汽車,stock,hk,
2583,西普尼,stock,hk,
2889,博泰車聯,stock,hk,
2259,紫金黃金國際,stock,hk,
2652,長風藥業,stock,hk,
8549,金葉國際集團,stock,hk,
2650,摯達科技,stock,hk,
2575,軒竹生物-B,stock,hk,
2637,海西新藥,stock,hk,
6687,聚水潭,stock,hk,
638,廣和通,stock,hk,
1384,滴普科技,stock,hk,
6031,三一重工,stock,hk,
6166,劍橋科技,stock,hk,
6980,八馬茶業,stock,hk,
2906,龍湖智創生活,stock,hk,
648,京玖康療,stock,hk,
9927,賽力斯,stock,hk,
9159,PP台50A-U,stock,hk,
8573,廣駿集團控股股權,stock,hk,
9880,優必選,stock,hk,
2513,智谱,stock,hk,
9611,龙旗科技,stock,hk,
80700,騰訊控股有限公司,stock,hk,
89988,阿里巴巴集團控股有限公司,stock,hk,
4335,英特爾公司,stock,hk,
80941,中國移動有限公司,stock,hk,
82318,中國平安保險（集團）股份有限公司 H股,stock,hk,
80883,中國海洋石油有限公司,stock,hk,
81810,小米集團 B類股,stock,hk,
81211,比亞迪股份有限公司 H股,stock,hk,
81299,友邦保險集團有限公司,stock,hk,
83690,美團 B類股,stock,hk,
80388,香港交易及結算所有限公司,stock,hk,
82388,中銀香港（控股）有限公司,stock,hk,
81024,快手科技 B類股,stock,hk,
80016,新鴻基地產發展有限公司,stock,hk,
80011,恒生銀行有限公司,stock,hk,
82020,安踏體育用品有限公司,stock,hk,
86618,京東健康國際有限公司,stock,hk,
82333,長城汽車股份有限公司 H股,stock,hk,
80175,吉利汽車控股有限公司,stock,hk,
100,小麥集團有限公司,stock,hk,
80992,聯想集團有限公司,stock,hk,
1519,極兔速遞有限公司,stock,hk,
80020,商湯科技集團有限公司 B類股,stock,hk,
80291,華潤啤酒（控股）有限公司,stock,hk,
2026,小馬智行有限公司 A類股,stock,hk,
82331,李寧有限公司,stock,hk,
9903,上海壁仞智能科技有限公司 H股,stock,hk,
2659,上海寶藥業股份有限公司 H股,stock,hk,
2675,深圳愛奇醫療科技有限公司 H股,stock,hk,
2630,維港生命科學有限公司 H股,stock,hk,
6938,蘇州瑞博生物科技股份有限公司 H股,stock,hk,
9690,途虎養車有限公司 A類股,stock,hk,
2595,勁方醫藥（上海）有限公司 H股,stock,hk,
2410,天境生物科技有限公司 H股,stock,hk,
2509,清遠藥業有限公司 H股,stock,hk,
3378,武漢漢信生物製藥有限公司 H股,stock,hk,
2511,海泰生物醫藥有限公司,stock,hk,
2496,武漢YZY生物製藥有限公司 H股,stock,hk,
2898,昇和生物技術有限公司,stock,hk,
2396,B&K集團有限公司 H股,stock,hk,
2998,中國供應鏈控股有限公司,stock,hk,
8591,馬威國際控股有限公司（臨時）,stock,hk,
8592,寶麗控股有限公司（臨時）,stock,hk,
6086,方舟健客,stock,hk,
1768,鸣鸣很忙,stock,hk,
9980,东鹏饮料,stock,hk,
3200,大族数控,stock,hk,
6809,瀾起科技,stock,hk,
2720,樂欣戶外,stock,hk,
2706,海致科技,stock,hk,
470,先导智能,stock,hk,
9981,沃尔核材,stock,hk,
600,愛芯元智,stock,hk,
2432,越疆,stock,hk,
405,越秀房產信託基金,stock,hk,
435,陽光房地產基金,stock,hk,
666,瑞浦蘭鈞,stock,hk,
770,SHANGHAI GROWTH,stock,hk,
778,置富產業信託,stock,hk,
800,文遠知行-W,stock,hk,
805,新吉奧房車,stock,hk,
808,泓富產業信託,stock,hk,
823,領展房產基金,stock,hk,
917,趣致集團,stock,hk,
999,小菜園,stock,hk,
1276,恒瑞醫藥,stock,hk,
1304,FORTIOR,stock,hk,
1333,博雷頓,stock,hk,
1334,瑞昌國際控股,stock,hk,
1354,經發物業,stock,hk,
1364,古茗,stock,hk,
1426,春泉產業信託,stock,hk,
1471,眾淼控股(一百),stock,hk,
1497,燕之屋,stock,hk,
1503,招商局商業房託,stock,hk,
1828,富衛集團,stock,hk,
1881,富豪產業信託,stock,hk,
1973,天圖投資,stock,hk,
2050,三花智控,stock,hk,
2097,蜜雪集團,stock,hk,
2149,貝克微,stock,hk,
2191,順豐房託,stock,hk,
2228,晶泰控股,stock,hk,
2268,藥明合聯,stock,hk,
2408,遇見小麵,stock,hk,
2419,德康農牧,stock,hk,
2429,友寶在線,stock,hk,
2431,佑駕創新,stock,hk,
2438,出門問問,stock,hk,
2443,汽車街,stock,hk,
2451,綠源集團控股,stock,hk,
2453,美中嘉和,stock,hk,
2460,華潤飲料,stock,hk,
2465,龍蟠科技,stock,hk,
2473,喜相逢集團,stock,hk,
2477,經緯天地,stock,hk,
2483,K CASH集團,stock,hk,
2489,集海黃金,stock,hk,
2490,樂艙物流,stock,hk,
2495,聲通科技,stock,hk,
2497,富景中國控股,stock,hk,
2498,速騰聚創,stock,hk,
2499,佛朗斯股份,stock,hk,
2501,邁越科技,stock,hk,
2503,中深建業,stock,hk,
2505,EDA集團控股,stock,hk,
2506,訊飛醫療科技,stock,hk,
2507,西銳,stock,hk,
2510,德翔海運,stock,hk,
2512,雲工場,stock,hk,
2515,天津建發,stock,hk,
2516,泛遠國際,stock,hk,
2517,鍋圈,stock,hk,
2519,傲基股份,stock,hk,
2521,升輝清潔,stock,hk,
2522,一脈陽光,stock,hk,
2529,泓盈城市服務,stock,hk,
2530,紐曼思,stock,hk,
2531,廣聯科技控股,stock,hk,
2533,黑芝麻智能,stock,hk,
2535,泓基集團,stock,hk,
2545,中贛通信,stock,hk,
2546,智匯礦業,stock,hk,
2549,卡羅特,stock,hk,
2550,宜搜科技,stock,hk,
2551,晶科電子股份,stock,hk,
2556,邁富時,stock,hk,
2559,嘀嗒出行,stock,hk,
2560,海螺材料科技,stock,hk,
2561,維昇藥業-B,stock,hk,
2562,獅騰控股,stock,hk,
2563,華昊中天醫藥-B,stock,hk,
2566,九源基因,stock,hk,
2567,七牛智能,stock,hk,
2569,舒寶國際,stock,hk,
2570,重塑能源,stock,hk,
2571,賽目科技,stock,hk,
2573,新琪安,stock,hk,
2576,太美醫療科技,stock,hk,
2577,英諾賽科,stock,hk,
2579,中偉新材,stock,hk,
2580,奧克斯電氣,stock,hk,
2582,國富氫能,stock,hk,
2585,夢金園,stock,hk,
2586,多點數智,stock,hk,
2587,健康之路,stock,hk,
2589,滬上阿姨,stock,hk,
2590,極智嘉-W,stock,hk,
2591,銀諾醫藥-B,stock,hk,
2592,撥康視雲-B,stock,hk,
2597,訊眾通信,stock,hk,
2598,連連數字,stock,hk,
2603,吉宏股份,stock,hk,
2605,METALIGHT,stock,hk,
2609,佰澤醫療,stock,hk,
2610,南山鋁業國際,stock,hk,
2613,匯舸環保,stock,hk,
2619,香江電器,stock,hk,
2621,手回集團,stock,hk,
2625,江蘇宏信,stock,hk,
2627,中慧生物-B,stock,hk,
2629,MIRXES-B,stock,hk,
2631,天岳先進,stock,hk,
2635,諾比侃,stock,hk,
2643,曹操出行,stock,hk,
2648,安井食品,stock,hk,
2651,大眾口腔,stock,hk,
2655,果下科技,stock,hk,
2657,林清軒,stock,hk,
2658,天域半導體,stock,hk,
2661,輕鬆健康,stock,hk,
2670,雲迹,stock,hk,
2671,美聯股份,stock,hk,
2676,納芯微,stock,hk,
2685,量化派,stock,hk,
2687,卓越睿新,stock,hk,
2691,南華期貨股份,stock,hk,
2693,金岩高嶺新材,stock,hk,
2695,印象大紅袍,stock,hk,
2698,樂舒適,stock,hk,
2718,明略科技-W,stock,hk,
2778,冠君產業信託,stock,hk,
2865,鈞達股份,stock,hk,
2881,武漢有機,stock,hk,
2979,中國金茂,stock,hk,
2981,祥生控股集團,stock,hk,
2982,融創服務,stock,hk,
2985,榮盛發展,stock,hk,
2986,融信中國,stock,hk,
2990,富力地產,stock,hk,
2991,禹洲集團,stock,hk,
2993,中國金茂,stock,hk,
3288,海天味業,stock,hk,
3317,迅策,stock,hk,
3636,金潯資源,stock,hk,
3677,正力新能,stock,hk,
3696,英矽智能,stock,hk,
3750,寧德時代,stock,hk,
3858,佳鑫國際資源,stock,hk,
3880,泰德醫藥,stock,hk,
3881,希迪智駕,stock,hk,
3887,HASHKEY HLDGS,stock,hk,
6082,壁仞科技,stock,hk,
6090,不同集團,stock,hk,
6168,周六福,stock,hk,
6181,老鋪黃金,stock,hk,
6603,IFBH,stock,hk,
6613,藍思科技,stock,hk,
6651,五一視界,stock,hk,
6657,百望股份,stock,hk,
6676,找鋼集團-W,stock,hk,
6681,腦動極光-B,stock,hk,
6682,範式智能,stock,hk,
6693,赤峰黃金,stock,hk,
6831,綠茶集團,stock,hk,
6883,穎通控股,stock,hk,
6887,東陽光藥,stock,hk,
6911,瀾滄古茶,stock,hk,
6936,順豐控股,stock,hk,
6959,長久股份,stock,hk,
6960,雙登股份,stock,hk,
7618,京東工業,stock,hk,
8586,祥生控股集團,stock,hk,
8587,融創服務,stock,hk,
8629,集信國控,stock,hk,
8637,元續科技,stock,hk,
9606,映恩生物-B,stock,hk,
9609,海偉股份,stock,hk,
9639,榮利營造,stock,hk,
9660,地平線機器人-W,stock,hk,
9676,十月稻田,stock,hk,
9678,雲知聲,stock,hk,
9680,如祺出行,stock,hk,
9686,熙康雲醫院,stock,hk,
9876,大洋環球控股,stock,hk,
9879,米高集團,stock,hk,
9881,容大科技,stock,hk,
9882,永聯豐控股,stock,hk,
9890,貪玩,stock,hk,
9893,比優集團,stock,hk,
87001,匯賢產業信託,stock,hk,
89888,百度集團-SWR,stock,hk,
501,豪威集團,stock,hk,
1641,紅星冷鏈,stock,hk,
3986,兆易創新,stock,hk,
8610,BBSB INTL,stock,hk,
2768,國恩科技,stock,hk,
2714,牧原股份,stock,hk,
2677,卓正醫療,stock,hk,
2649,优乐赛共享,stock,hk,
3268,美格智能,stock,hk,
2692,兆威机电,stock,hk,
2715,埃斯顿,stock,hk,
3355,飛速創新,stock,hk,
2632,澤景股份,stock,hk,
2729,凱樂士科技,stock,hk,
1989,廣合科技,stock,hk,
2701,國民技術,stock,hk,
300,美的集團,stock,hk,
89618,京東集團,stock,hk,
2788,創新產業控股,stock,hk,
1318,毛戈平,stock,hk,
6600,壹體機器人,stock,hk,
2565,百濟神州,stock,hk,
2617,創勝集團,stock,hk,
699,均勝電子,stock,hk,
7489,嵐圖汽車,stock,hk,
325,百樂可集團,stock,hk,
9887,諾唯健生物,stock,hk,
2596,宜賓銀行,stock,hk,
2911,希迪智駕(舊),stock,hk,
2665,賽博創科控股,stock,hk,
2555,四川白馬百貨,stock,hk,
2508,聖貝拉集團,stock,hk,
2520,山西安裝集團,stock,hk,
2536,百樂宮控股,stock,hk,
9663,中協氫能,stock,hk,
2581,明基醫療,stock,hk,
2539,樂沐服務,stock,hk,
2502,河南金源化工,stock,hk,
1274,智己汽車科技,stock,hk,
2540,樂視集團,stock,hk,
2593,本草新生控股,stock,hk,
8529,優博控股,stock,hk,
3625,傅里葉,stock,hk,
664,銅師傅,stock,hk,
6636,極視角,stock,hk,
2667,同仁堂醫養,stock,hk,
2726,瀚天天成,stock,hk,
1021,華沿機器人,stock,hk,
2526,德適-B,stock,hk,
2476,勝宏科技,stock,hk,
3296,华勤技术,stock,hk,